06-Nov-2025 11:14:59.912 INFORMACIÓN [main] org.apache.catalina.startup.VersionLoggerListener.log Nombre de la versión del servidor: Apache Tomcat/11.0.11
06-Nov-2025 11:14:59.915 INFORMACIÓN [main] org.apache.catalina.startup.VersionLoggerListener.log Server built:                      Sep 1 2025 10:24:44 UTC
06-Nov-2025 11:14:59.917 INFORMACIÓN [main] org.apache.catalina.startup.VersionLoggerListener.log Número de versión de servidor:     11.0.11.0
06-Nov-2025 11:14:59.917 INFORMACIÓN [main] org.apache.catalina.startup.VersionLoggerListener.log OS Name:                           Windows 11
06-Nov-2025 11:14:59.917 INFORMACIÓN [main] org.apache.catalina.startup.VersionLoggerListener.log Versión de Systema Operativo:      10.0
06-Nov-2025 11:14:59.918 INFORMACIÓN [main] org.apache.catalina.startup.VersionLoggerListener.log Arquitectura:                      amd64
06-Nov-2025 11:14:59.918 INFORMACIÓN [main] org.apache.catalina.startup.VersionLoggerListener.log Java Home:                         C:\Program Files\Microsoft\jdk-21.0.8.9-hotspot
06-Nov-2025 11:14:59.918 INFORMACIÓN [main] org.apache.catalina.startup.VersionLoggerListener.log JVM Version:                       21.0.8+9-LTS
06-Nov-2025 11:14:59.918 INFORMACIÓN [main] org.apache.catalina.startup.VersionLoggerListener.log Vededor JVM:                       Microsoft
06-Nov-2025 11:14:59.918 INFORMACIÓN [main] org.apache.catalina.startup.VersionLoggerListener.log CATALINA_BASE:                     C:\devTools\apache-tomcat-11.0.11
06-Nov-2025 11:14:59.918 INFORMACIÓN [main] org.apache.catalina.startup.VersionLoggerListener.log CATALINA_HOME:                     C:\devTools\apache-tomcat-11.0.11
06-Nov-2025 11:14:59.929 INFORMACIÓN [main] org.apache.catalina.startup.VersionLoggerListener.log Command line argument:             -Djava.util.logging.config.file=C:\devTools\apache-tomcat-11.0.11\conf\logging.properties
06-Nov-2025 11:14:59.930 INFORMACIÓN [main] org.apache.catalina.startup.VersionLoggerListener.log Command line argument:             -Djava.util.logging.manager=org.apache.juli.ClassLoaderLogManager
06-Nov-2025 11:14:59.930 INFORMACIÓN [main] org.apache.catalina.startup.VersionLoggerListener.log Command line argument:             -Djdk.tls.ephemeralDHKeySize=2048
06-Nov-2025 11:14:59.930 INFORMACIÓN [main] org.apache.catalina.startup.VersionLoggerListener.log Command line argument:             --add-opens=java.base/java.lang=ALL-UNNAMED
06-Nov-2025 11:14:59.930 INFORMACIÓN [main] org.apache.catalina.startup.VersionLoggerListener.log Command line argument:             --add-opens=java.base/java.lang.reflect=ALL-UNNAMED
06-Nov-2025 11:14:59.930 INFORMACIÓN [main] org.apache.catalina.startup.VersionLoggerListener.log Command line argument:             --add-opens=java.base/java.io=ALL-UNNAMED
06-Nov-2025 11:14:59.930 INFORMACIÓN [main] org.apache.catalina.startup.VersionLoggerListener.log Command line argument:             --add-opens=java.base/java.util=ALL-UNNAMED
06-Nov-2025 11:14:59.930 INFORMACIÓN [main] org.apache.catalina.startup.VersionLoggerListener.log Command line argument:             --add-opens=java.base/java.util.concurrent=ALL-UNNAMED
06-Nov-2025 11:14:59.930 INFORMACIÓN [main] org.apache.catalina.startup.VersionLoggerListener.log Command line argument:             --add-opens=java.rmi/sun.rmi.transport=ALL-UNNAMED
06-Nov-2025 11:14:59.931 INFORMACIÓN [main] org.apache.catalina.startup.VersionLoggerListener.log Command line argument:             --enable-native-access=ALL-UNNAMED
06-Nov-2025 11:14:59.931 INFORMACIÓN [main] org.apache.catalina.startup.VersionLoggerListener.log Command line argument:             -Dcatalina.base=C:\devTools\apache-tomcat-11.0.11
06-Nov-2025 11:14:59.931 INFORMACIÓN [main] org.apache.catalina.startup.VersionLoggerListener.log Command line argument:             -Dcatalina.home=C:\devTools\apache-tomcat-11.0.11
06-Nov-2025 11:14:59.931 INFORMACIÓN [main] org.apache.catalina.startup.VersionLoggerListener.log Command line argument:             -Djava.io.tmpdir=C:\devTools\apache-tomcat-11.0.11\temp
06-Nov-2025 11:14:59.934 INFORMACIÓN [main] org.apache.catalina.core.AprLifecycleListener.lifecycleEvent La biblioteca nativa de Apache Tomcat basada en ARP que permite un rendimiento óptimo en entornos de desarrollo no ha sido hallada en java.library.path: [C:\Program Files\Microsoft\jdk-21.0.8.9-hotspot\bin;C:\WINDOWS\Sun\Java\bin;C:\WINDOWS\system32;C:\WINDOWS;C:\Program Files\Microsoft\jdk-21.0.8.9-hotspot\bin;C:\Program Files (x86)\VMware\VMware Player\bin\;C:\WINDOWS\system32;C:\WINDOWS;C:\WINDOWS\System32\Wbem;C:\WINDOWS\System32\WindowsPowerShell\v1.0\;C:\WINDOWS\System32\OpenSSH\;C:\Program Files (x86)\NVIDIA Corporation\PhysX\Common;C:\Program Files\NVIDIA Corporation\NVIDIA app\NvDLISR;C:\Program Files\Git\cmd;C:\Program Files\dotnet\;C:\Users\User\AppData\Local\Programs\Python\Python313\Scripts\;C:\Users\User\AppData\Local\Programs\Python\Python313\;C:\Users\User\AppData\Local\Microsoft\WindowsApps;C:\Users\User\AppData\Local\Programs\Microsoft VS Code\bin;;.]
06-Nov-2025 11:15:00.117 INFORMACIÓN [main] org.apache.coyote.AbstractProtocol.init Inicializando el manejador de protocolo ["http-nio-8080"]

06-Nov-2025 11:15:00.138 INFORMACIÓN [main] org.apache.catalina.startup.Catalina.load Server initialization in [343] milliseconds
06-Nov-2025 11:15:00.181 INFORMACIÓN [main] org.apache.catalina.core.StandardService.startInternal Arrancando servicio [Catalina]
06-Nov-2025 11:15:00.182 INFORMACIÓN [main] org.apache.catalina.core.StandardEngine.startInternal Starting Servlet engine: [Apache Tomcat/11.0.11]
06-Nov-2025 11:15:00.192 INFORMACIÓN [main] org.apache.catalina.startup.HostConfig.deployDirectory Desplegando el directorio [C:\devTools\apache-tomcat-11.0.11\webapps\docs] de la aplicación web
06-Nov-2025 11:15:00.389 INFORMACIÓN [main] org.apache.catalina.startup.HostConfig.deployDirectory Deployment of web application directory [C:\devTools\apache-tomcat-11.0.11\webapps\docs] has finished in [196] ms
06-Nov-2025 11:15:00.396 INFORMACIÓN [main] org.apache.catalina.startup.HostConfig.deployDirectory Desplegando el directorio [C:\devTools\apache-tomcat-11.0.11\webapps\examples] de la aplicación web
06-Nov-2025 11:15:00.932 INFORMACIÓN [main] org.apache.catalina.startup.HostConfig.deployDirectory Deployment of web application directory [C:\devTools\apache-tomcat-11.0.11\webapps\examples] has finished in [536] ms
06-Nov-2025 11:15:00.932 INFORMACIÓN [main] org.apache.catalina.startup.HostConfig.deployDirectory Desplegando el directorio [C:\devTools\apache-tomcat-11.0.11\webapps\host-manager] de la aplicación web
06-Nov-2025 11:15:00.954 INFORMACIÓN [main] org.apache.catalina.startup.HostConfig.deployDirectory Deployment of web application directory [C:\devTools\apache-tomcat-11.0.11\webapps\host-manager] has finished in [22] ms
06-Nov-2025 11:15:00.955 INFORMACIÓN [main] org.apache.catalina.startup.HostConfig.deployDirectory Desplegando el directorio [C:\devTools\apache-tomcat-11.0.11\webapps\manager] de la aplicación web
06-Nov-2025 11:15:00.974 INFORMACIÓN [main] org.apache.catalina.startup.HostConfig.deployDirectory Deployment of web application directory [C:\devTools\apache-tomcat-11.0.11\webapps\manager] has finished in [19] ms
06-Nov-2025 11:15:00.974 INFORMACIÓN [main] org.apache.catalina.startup.HostConfig.deployDirectory Desplegando el directorio [C:\devTools\apache-tomcat-11.0.11\webapps\ROOT] de la aplicación web
06-Nov-2025 11:15:00.991 INFORMACIÓN [main] org.apache.catalina.startup.HostConfig.deployDirectory Deployment of web application directory [C:\devTools\apache-tomcat-11.0.11\webapps\ROOT] has finished in [17] ms
06-Nov-2025 11:15:00.994 INFORMACIÓN [main] org.apache.coyote.AbstractProtocol.start Starting ProtocolHandler ["http-nio-8080"]
06-Nov-2025 11:15:01.009 INFORMACIÓN [main] org.apache.catalina.startup.Catalina.start Server startup in [870] milliseconds
06-Nov-2025 11:15:52.025 INFORMACIÓN [main] org.apache.catalina.startup.VersionLoggerListener.log Nombre de la versión del servidor: Apache Tomcat/11.0.11
06-Nov-2025 11:15:52.029 INFORMACIÓN [main] org.apache.catalina.startup.VersionLoggerListener.log Server built:                      Sep 1 2025 10:24:44 UTC
06-Nov-2025 11:15:52.030 INFORMACIÓN [main] org.apache.catalina.startup.VersionLoggerListener.log Número de versión de servidor:     11.0.11.0
06-Nov-2025 11:15:52.030 INFORMACIÓN [main] org.apache.catalina.startup.VersionLoggerListener.log OS Name:                           Windows 11
06-Nov-2025 11:15:52.030 INFORMACIÓN [main] org.apache.catalina.startup.VersionLoggerListener.log Versión de Systema Operativo:      10.0
06-Nov-2025 11:15:52.030 INFORMACIÓN [main] org.apache.catalina.startup.VersionLoggerListener.log Arquitectura:                      amd64
06-Nov-2025 11:15:52.030 INFORMACIÓN [main] org.apache.catalina.startup.VersionLoggerListener.log Java Home:                         C:\Program Files\Microsoft\jdk-21.0.8.9-hotspot
06-Nov-2025 11:15:52.031 INFORMACIÓN [main] org.apache.catalina.startup.VersionLoggerListener.log JVM Version:                       21.0.8+9-LTS
06-Nov-2025 11:15:52.031 INFORMACIÓN [main] org.apache.catalina.startup.VersionLoggerListener.log Vededor JVM:                       Microsoft
06-Nov-2025 11:15:52.031 INFORMACIÓN [main] org.apache.catalina.startup.VersionLoggerListener.log CATALINA_BASE:                     C:\devTools\apache-tomcat-11.0.11
06-Nov-2025 11:15:52.031 INFORMACIÓN [main] org.apache.catalina.startup.VersionLoggerListener.log CATALINA_HOME:                     C:\devTools\apache-tomcat-11.0.11
06-Nov-2025 11:15:52.036 INFORMACIÓN [main] org.apache.catalina.startup.VersionLoggerListener.log Command line argument:             -Djava.util.logging.config.file=C:\devTools\apache-tomcat-11.0.11\conf\logging.properties
06-Nov-2025 11:15:52.037 INFORMACIÓN [main] org.apache.catalina.startup.VersionLoggerListener.log Command line argument:             -Djava.util.logging.manager=org.apache.juli.ClassLoaderLogManager
06-Nov-2025 11:15:52.037 INFORMACIÓN [main] org.apache.catalina.startup.VersionLoggerListener.log Command line argument:             -Djdk.tls.ephemeralDHKeySize=2048
06-Nov-2025 11:15:52.037 INFORMACIÓN [main] org.apache.catalina.startup.VersionLoggerListener.log Command line argument:             --add-opens=java.base/java.lang=ALL-UNNAMED
06-Nov-2025 11:15:52.037 INFORMACIÓN [main] org.apache.catalina.startup.VersionLoggerListener.log Command line argument:             --add-opens=java.base/java.lang.reflect=ALL-UNNAMED
06-Nov-2025 11:15:52.037 INFORMACIÓN [main] org.apache.catalina.startup.VersionLoggerListener.log Command line argument:             --add-opens=java.base/java.io=ALL-UNNAMED
06-Nov-2025 11:15:52.037 INFORMACIÓN [main] org.apache.catalina.startup.VersionLoggerListener.log Command line argument:             --add-opens=java.base/java.util=ALL-UNNAMED
06-Nov-2025 11:15:52.038 INFORMACIÓN [main] org.apache.catalina.startup.VersionLoggerListener.log Command line argument:             --add-opens=java.base/java.util.concurrent=ALL-UNNAMED
06-Nov-2025 11:15:52.038 INFORMACIÓN [main] org.apache.catalina.startup.VersionLoggerListener.log Command line argument:             --add-opens=java.rmi/sun.rmi.transport=ALL-UNNAMED
06-Nov-2025 11:15:52.038 INFORMACIÓN [main] org.apache.catalina.startup.VersionLoggerListener.log Command line argument:             --enable-native-access=ALL-UNNAMED
06-Nov-2025 11:15:52.038 INFORMACIÓN [main] org.apache.catalina.startup.VersionLoggerListener.log Command line argument:             -Dcatalina.base=C:\devTools\apache-tomcat-11.0.11
06-Nov-2025 11:15:52.038 INFORMACIÓN [main] org.apache.catalina.startup.VersionLoggerListener.log Command line argument:             -Dcatalina.home=C:\devTools\apache-tomcat-11.0.11
06-Nov-2025 11:15:52.038 INFORMACIÓN [main] org.apache.catalina.startup.VersionLoggerListener.log Command line argument:             -Djava.io.tmpdir=C:\devTools\apache-tomcat-11.0.11\temp
06-Nov-2025 11:15:52.041 INFORMACIÓN [main] org.apache.catalina.core.AprLifecycleListener.lifecycleEvent La biblioteca nativa de Apache Tomcat basada en ARP que permite un rendimiento óptimo en entornos de desarrollo no ha sido hallada en java.library.path: [C:\Program Files\Microsoft\jdk-21.0.8.9-hotspot\bin;C:\WINDOWS\Sun\Java\bin;C:\WINDOWS\system32;C:\WINDOWS;C:\Program Files\Microsoft\jdk-21.0.8.9-hotspot\bin;C:\Program Files (x86)\VMware\VMware Player\bin\;C:\WINDOWS\system32;C:\WINDOWS;C:\WINDOWS\System32\Wbem;C:\WINDOWS\System32\WindowsPowerShell\v1.0\;C:\WINDOWS\System32\OpenSSH\;C:\Program Files (x86)\NVIDIA Corporation\PhysX\Common;C:\Program Files\NVIDIA Corporation\NVIDIA app\NvDLISR;C:\Program Files\Git\cmd;C:\Program Files\dotnet\;C:\Users\User\AppData\Local\Programs\Python\Python313\Scripts\;C:\Users\User\AppData\Local\Programs\Python\Python313\;C:\Users\User\AppData\Local\Microsoft\WindowsApps;C:\Users\User\AppData\Local\Programs\Microsoft VS Code\bin;;.]
06-Nov-2025 11:15:52.193 INFORMACIÓN [main] org.apache.coyote.AbstractProtocol.init Inicializando el manejador de protocolo ["http-nio-8080"]

06-Nov-2025 11:15:52.211 INFORMACIÓN [main] org.apache.catalina.startup.Catalina.load Server initialization in [301] milliseconds
06-Nov-2025 11:15:52.255 INFORMACIÓN [main] org.apache.catalina.core.StandardService.startInternal Arrancando servicio [Catalina]
06-Nov-2025 11:15:52.255 INFORMACIÓN [main] org.apache.catalina.core.StandardEngine.startInternal Starting Servlet engine: [Apache Tomcat/11.0.11]
06-Nov-2025 11:15:52.264 INFORMACIÓN [main] org.apache.catalina.startup.HostConfig.deployDirectory Desplegando el directorio [C:\devTools\apache-tomcat-11.0.11\webapps\docs] de la aplicación web
06-Nov-2025 11:15:52.460 INFORMACIÓN [main] org.apache.catalina.startup.HostConfig.deployDirectory Deployment of web application directory [C:\devTools\apache-tomcat-11.0.11\webapps\docs] has finished in [193] ms
06-Nov-2025 11:15:52.461 INFORMACIÓN [main] org.apache.catalina.startup.HostConfig.deployDirectory Desplegando el directorio [C:\devTools\apache-tomcat-11.0.11\webapps\examples] de la aplicación web
06-Nov-2025 11:15:52.716 INFORMACIÓN [main] org.apache.catalina.startup.HostConfig.deployDirectory Deployment of web application directory [C:\devTools\apache-tomcat-11.0.11\webapps\examples] has finished in [255] ms
06-Nov-2025 11:15:52.716 INFORMACIÓN [main] org.apache.catalina.startup.HostConfig.deployDirectory Desplegando el directorio [C:\devTools\apache-tomcat-11.0.11\webapps\host-manager] de la aplicación web
06-Nov-2025 11:15:52.739 INFORMACIÓN [main] org.apache.catalina.startup.HostConfig.deployDirectory Deployment of web application directory [C:\devTools\apache-tomcat-11.0.11\webapps\host-manager] has finished in [23] ms
06-Nov-2025 11:15:52.739 INFORMACIÓN [main] org.apache.catalina.startup.HostConfig.deployDirectory Desplegando el directorio [C:\devTools\apache-tomcat-11.0.11\webapps\manager] de la aplicación web
06-Nov-2025 11:15:52.758 INFORMACIÓN [main] org.apache.catalina.startup.HostConfig.deployDirectory Deployment of web application directory [C:\devTools\apache-tomcat-11.0.11\webapps\manager] has finished in [19] ms
06-Nov-2025 11:15:52.758 INFORMACIÓN [main] org.apache.catalina.startup.HostConfig.deployDirectory Desplegando el directorio [C:\devTools\apache-tomcat-11.0.11\webapps\ROOT] de la aplicación web
06-Nov-2025 11:15:52.773 INFORMACIÓN [main] org.apache.catalina.startup.HostConfig.deployDirectory Deployment of web application directory [C:\devTools\apache-tomcat-11.0.11\webapps\ROOT] has finished in [15] ms
06-Nov-2025 11:15:52.776 INFORMACIÓN [main] org.apache.coyote.AbstractProtocol.start Starting ProtocolHandler ["http-nio-8080"]
06-Nov-2025 11:15:52.791 INFORMACIÓN [main] org.apache.catalina.startup.Catalina.start Server startup in [578] milliseconds
06-Nov-2025 11:18:22.939 INFORMACIÓN [Catalina-utility-1] org.apache.catalina.users.MemoryUserDatabase.backgroundProcess Reloading memory user database [UserDatabase] from updated source [file:/C:/devTools/apache-tomcat-11.0.11/conf/tomcat-users.xml]
06-Nov-2025 11:19:04.894 INFORMACIÓN [http-nio-8080-exec-3] org.apache.catalina.startup.HostConfig.deployWAR Despliegue del archivo [C:\devTools\apache-tomcat-11.0.11\webapps\tarea2.war] de la aplicación web
06-Nov-2025 11:19:09.256 INFORMACIÓN [http-nio-8080-exec-3] org.apache.jasper.servlet.TldScanner.scanJars Al menos un JAR, que se ha explorado buscando TLDs, aún no contenía TLDs. Activar historial de depuración para este historiador para una completa lista de los JARs que fueron explorados y de los que nos se halló TLDs. Saltarse JARs no necesarios durante la exploración puede dar lugar a una mejora de tiempo significativa en el arranque y compilación de JSP .
06-Nov-2025 11:19:09.287 INFORMACIÓN [http-nio-8080-exec-3] org.apache.catalina.startup.HostConfig.deployWAR Deployment of web application archive [C:\devTools\apache-tomcat-11.0.11\webapps\tarea2.war] has finished in [4.393] ms
06-Nov-2025 11:19:24.331 INFORMACIÓN [http-nio-8080-exec-4] org.apache.catalina.startup.HostConfig.deployWAR Despliegue del archivo [C:\devTools\apache-tomcat-11.0.11\webapps\tarea3.war] de la aplicación web
06-Nov-2025 11:19:26.450 INFORMACIÓN [http-nio-8080-exec-4] org.apache.jasper.servlet.TldScanner.scanJars Al menos un JAR, que se ha explorado buscando TLDs, aún no contenía TLDs. Activar historial de depuración para este historiador para una completa lista de los JARs que fueron explorados y de los que nos se halló TLDs. Saltarse JARs no necesarios durante la exploración puede dar lugar a una mejora de tiempo significativa en el arranque y compilación de JSP .
06-Nov-2025 11:19:26.478 INFORMACIÓN [http-nio-8080-exec-4] org.apache.catalina.startup.HostConfig.deployWAR Deployment of web application archive [C:\devTools\apache-tomcat-11.0.11\webapps\tarea3.war] has finished in [2.147] ms
06-Nov-2025 11:32:04.839 GRAVE [main] org.apache.catalina.startup.Catalina.stopServer Could not contact [localhost:8005] (base port [8005] and offset [0]). Tomcat may not be running.
06-Nov-2025 11:32:04.841 GRAVE [main] org.apache.catalina.startup.Catalina.stopServer Error stopping Catalina
	java.net.ConnectException: Connection refused: connect
		at java.base/sun.nio.ch.Net.connect0(Native Method)
		at java.base/sun.nio.ch.Net.connect(Net.java:589)
		at java.base/sun.nio.ch.Net.connect(Net.java:578)
		at java.base/sun.nio.ch.NioSocketImpl.connect(NioSocketImpl.java:583)
		at java.base/java.net.SocksSocketImpl.connect(SocksSocketImpl.java:327)
		at java.base/java.net.Socket.connect(Socket.java:751)
		at java.base/java.net.Socket.connect(Socket.java:686)
		at java.base/java.net.Socket.<init>(Socket.java:555)
		at java.base/java.net.Socket.<init>(Socket.java:324)
		at org.apache.catalina.startup.Catalina.stopServer(Catalina.java:655)
		at java.base/jdk.internal.reflect.DirectMethodHandleAccessor.invoke(DirectMethodHandleAccessor.java:103)
		at java.base/java.lang.reflect.Method.invoke(Method.java:580)
		at org.apache.catalina.startup.Bootstrap.stopServer(Bootstrap.java:390)
		at org.apache.catalina.startup.Bootstrap.main(Bootstrap.java:479)
06-Nov-2025 11:36:46.825 INFORMACIÓN [main] org.apache.catalina.startup.VersionLoggerListener.log Nombre de la versión del servidor: Apache Tomcat/11.0.11
06-Nov-2025 11:36:46.828 INFORMACIÓN [main] org.apache.catalina.startup.VersionLoggerListener.log Server built:                      Sep 1 2025 10:24:44 UTC
06-Nov-2025 11:36:46.828 INFORMACIÓN [main] org.apache.catalina.startup.VersionLoggerListener.log Número de versión de servidor:     11.0.11.0
06-Nov-2025 11:36:46.828 INFORMACIÓN [main] org.apache.catalina.startup.VersionLoggerListener.log OS Name:                           Windows 11
06-Nov-2025 11:36:46.828 INFORMACIÓN [main] org.apache.catalina.startup.VersionLoggerListener.log Versión de Systema Operativo:      10.0
06-Nov-2025 11:36:46.828 INFORMACIÓN [main] org.apache.catalina.startup.VersionLoggerListener.log Arquitectura:                      amd64
06-Nov-2025 11:36:46.829 INFORMACIÓN [main] org.apache.catalina.startup.VersionLoggerListener.log Java Home:                         C:\Program Files\Microsoft\jdk-21.0.8.9-hotspot
06-Nov-2025 11:36:46.830 INFORMACIÓN [main] org.apache.catalina.startup.VersionLoggerListener.log JVM Version:                       21.0.8+9-LTS
06-Nov-2025 11:36:46.830 INFORMACIÓN [main] org.apache.catalina.startup.VersionLoggerListener.log Vededor JVM:                       Microsoft
06-Nov-2025 11:36:46.830 INFORMACIÓN [main] org.apache.catalina.startup.VersionLoggerListener.log CATALINA_BASE:                     C:\Users\User\Desktop\Proyectos\TProg\tpgr07\portable\apache-tomcat-11.0.11
06-Nov-2025 11:36:46.830 INFORMACIÓN [main] org.apache.catalina.startup.VersionLoggerListener.log CATALINA_HOME:                     C:\Users\User\Desktop\Proyectos\TProg\tpgr07\portable\apache-tomcat-11.0.11
06-Nov-2025 11:36:46.835 INFORMACIÓN [main] org.apache.catalina.startup.VersionLoggerListener.log Command line argument:             -Djava.util.logging.config.file=C:\Users\User\Desktop\Proyectos\TProg\tpgr07\portable\apache-tomcat-11.0.11\conf\logging.properties
06-Nov-2025 11:36:46.837 INFORMACIÓN [main] org.apache.catalina.startup.VersionLoggerListener.log Command line argument:             -Djava.util.logging.manager=org.apache.juli.ClassLoaderLogManager
06-Nov-2025 11:36:46.837 INFORMACIÓN [main] org.apache.catalina.startup.VersionLoggerListener.log Command line argument:             -Djdk.tls.ephemeralDHKeySize=2048
06-Nov-2025 11:36:46.837 INFORMACIÓN [main] org.apache.catalina.startup.VersionLoggerListener.log Command line argument:             --add-opens=java.base/java.lang=ALL-UNNAMED
06-Nov-2025 11:36:46.837 INFORMACIÓN [main] org.apache.catalina.startup.VersionLoggerListener.log Command line argument:             --add-opens=java.base/java.lang.reflect=ALL-UNNAMED
06-Nov-2025 11:36:46.837 INFORMACIÓN [main] org.apache.catalina.startup.VersionLoggerListener.log Command line argument:             --add-opens=java.base/java.io=ALL-UNNAMED
06-Nov-2025 11:36:46.837 INFORMACIÓN [main] org.apache.catalina.startup.VersionLoggerListener.log Command line argument:             --add-opens=java.base/java.util=ALL-UNNAMED
06-Nov-2025 11:36:46.837 INFORMACIÓN [main] org.apache.catalina.startup.VersionLoggerListener.log Command line argument:             --add-opens=java.base/java.util.concurrent=ALL-UNNAMED
06-Nov-2025 11:36:46.838 INFORMACIÓN [main] org.apache.catalina.startup.VersionLoggerListener.log Command line argument:             --add-opens=java.rmi/sun.rmi.transport=ALL-UNNAMED
06-Nov-2025 11:36:46.838 INFORMACIÓN [main] org.apache.catalina.startup.VersionLoggerListener.log Command line argument:             --enable-native-access=ALL-UNNAMED
06-Nov-2025 11:36:46.838 INFORMACIÓN [main] org.apache.catalina.startup.VersionLoggerListener.log Command line argument:             -Dcatalina.base=C:\Users\User\Desktop\Proyectos\TProg\tpgr07\portable\apache-tomcat-11.0.11
06-Nov-2025 11:36:46.838 INFORMACIÓN [main] org.apache.catalina.startup.VersionLoggerListener.log Command line argument:             -Dcatalina.home=C:\Users\User\Desktop\Proyectos\TProg\tpgr07\portable\apache-tomcat-11.0.11
06-Nov-2025 11:36:46.838 INFORMACIÓN [main] org.apache.catalina.startup.VersionLoggerListener.log Command line argument:             -Djava.io.tmpdir=C:\Users\User\Desktop\Proyectos\TProg\tpgr07\portable\apache-tomcat-11.0.11\temp
06-Nov-2025 11:36:46.841 INFORMACIÓN [main] org.apache.catalina.core.AprLifecycleListener.lifecycleEvent La biblioteca nativa de Apache Tomcat basada en ARP que permite un rendimiento óptimo en entornos de desarrollo no ha sido hallada en java.library.path: [C:\Program Files\Microsoft\jdk-21.0.8.9-hotspot\bin;C:\WINDOWS\Sun\Java\bin;C:\WINDOWS\system32;C:\WINDOWS;C:\Program Files\Microsoft\jdk-21.0.8.9-hotspot\bin;C:\Program Files (x86)\VMware\VMware Player\bin\;C:\WINDOWS\system32;C:\WINDOWS;C:\WINDOWS\System32\Wbem;C:\WINDOWS\System32\WindowsPowerShell\v1.0\;C:\WINDOWS\System32\OpenSSH\;C:\Program Files (x86)\NVIDIA Corporation\PhysX\Common;C:\Program Files\NVIDIA Corporation\NVIDIA app\NvDLISR;C:\Program Files\Git\cmd;C:\Program Files\dotnet\;C:\Users\User\AppData\Local\Programs\Python\Python313\Scripts\;C:\Users\User\AppData\Local\Programs\Python\Python313\;C:\Users\User\AppData\Local\Microsoft\WindowsApps;C:\Users\User\AppData\Local\Programs\Microsoft VS Code\bin;;.]
06-Nov-2025 11:36:47.002 INFORMACIÓN [main] org.apache.coyote.AbstractProtocol.init Inicializando el manejador de protocolo ["http-nio-8080"]

06-Nov-2025 11:36:47.018 INFORMACIÓN [main] org.apache.catalina.startup.Catalina.load Server initialization in [315] milliseconds
06-Nov-2025 11:36:47.072 INFORMACIÓN [main] org.apache.catalina.core.StandardService.startInternal Arrancando servicio [Catalina]
06-Nov-2025 11:36:47.073 INFORMACIÓN [main] org.apache.catalina.core.StandardEngine.startInternal Starting Servlet engine: [Apache Tomcat/11.0.11]
06-Nov-2025 11:36:47.084 INFORMACIÓN [main] org.apache.catalina.startup.HostConfig.deployWAR Despliegue del archivo [C:\Users\User\Desktop\Proyectos\TProg\tpgr07\portable\apache-tomcat-11.0.11\webapps\tarea2.war] de la aplicación web
06-Nov-2025 11:36:48.249 INFORMACIÓN [main] org.apache.jasper.servlet.TldScanner.scanJars Al menos un JAR, que se ha explorado buscando TLDs, aún no contenía TLDs. Activar historial de depuración para este historiador para una completa lista de los JARs que fueron explorados y de los que nos se halló TLDs. Saltarse JARs no necesarios durante la exploración puede dar lugar a una mejora de tiempo significativa en el arranque y compilación de JSP .
06-Nov-2025 11:36:48.309 INFORMACIÓN [main] org.apache.catalina.startup.HostConfig.deployWAR Deployment of web application archive [C:\Users\User\Desktop\Proyectos\TProg\tpgr07\portable\apache-tomcat-11.0.11\webapps\tarea2.war] has finished in [1.223] ms
06-Nov-2025 11:36:48.310 INFORMACIÓN [main] org.apache.catalina.startup.HostConfig.deployWAR Despliegue del archivo [C:\Users\User\Desktop\Proyectos\TProg\tpgr07\portable\apache-tomcat-11.0.11\webapps\tarea3.war] de la aplicación web
06-Nov-2025 11:36:48.812 INFORMACIÓN [main] org.apache.jasper.servlet.TldScanner.scanJars Al menos un JAR, que se ha explorado buscando TLDs, aún no contenía TLDs. Activar historial de depuración para este historiador para una completa lista de los JARs que fueron explorados y de los que nos se halló TLDs. Saltarse JARs no necesarios durante la exploración puede dar lugar a una mejora de tiempo significativa en el arranque y compilación de JSP .
06-Nov-2025 11:36:48.829 INFORMACIÓN [main] org.apache.catalina.startup.HostConfig.deployWAR Deployment of web application archive [C:\Users\User\Desktop\Proyectos\TProg\tpgr07\portable\apache-tomcat-11.0.11\webapps\tarea3.war] has finished in [518] ms
06-Nov-2025 11:36:48.830 INFORMACIÓN [main] org.apache.catalina.startup.HostConfig.deployDirectory Desplegando el directorio [C:\Users\User\Desktop\Proyectos\TProg\tpgr07\portable\apache-tomcat-11.0.11\webapps\docs] de la aplicación web
06-Nov-2025 11:36:48.848 INFORMACIÓN [main] org.apache.catalina.startup.HostConfig.deployDirectory Deployment of web application directory [C:\Users\User\Desktop\Proyectos\TProg\tpgr07\portable\apache-tomcat-11.0.11\webapps\docs] has finished in [18] ms
06-Nov-2025 11:36:48.849 INFORMACIÓN [main] org.apache.catalina.startup.HostConfig.deployDirectory Desplegando el directorio [C:\Users\User\Desktop\Proyectos\TProg\tpgr07\portable\apache-tomcat-11.0.11\webapps\examples] de la aplicación web
06-Nov-2025 11:36:49.032 INFORMACIÓN [main] org.apache.catalina.startup.HostConfig.deployDirectory Deployment of web application directory [C:\Users\User\Desktop\Proyectos\TProg\tpgr07\portable\apache-tomcat-11.0.11\webapps\examples] has finished in [184] ms
06-Nov-2025 11:36:49.032 INFORMACIÓN [main] org.apache.catalina.startup.HostConfig.deployDirectory Desplegando el directorio [C:\Users\User\Desktop\Proyectos\TProg\tpgr07\portable\apache-tomcat-11.0.11\webapps\host-manager] de la aplicación web
06-Nov-2025 11:36:49.053 INFORMACIÓN [main] org.apache.catalina.startup.HostConfig.deployDirectory Deployment of web application directory [C:\Users\User\Desktop\Proyectos\TProg\tpgr07\portable\apache-tomcat-11.0.11\webapps\host-manager] has finished in [21] ms
06-Nov-2025 11:36:49.055 INFORMACIÓN [main] org.apache.catalina.startup.HostConfig.deployDirectory Desplegando el directorio [C:\Users\User\Desktop\Proyectos\TProg\tpgr07\portable\apache-tomcat-11.0.11\webapps\manager] de la aplicación web
06-Nov-2025 11:36:49.072 INFORMACIÓN [main] org.apache.catalina.startup.HostConfig.deployDirectory Deployment of web application directory [C:\Users\User\Desktop\Proyectos\TProg\tpgr07\portable\apache-tomcat-11.0.11\webapps\manager] has finished in [17] ms
06-Nov-2025 11:36:49.072 INFORMACIÓN [main] org.apache.catalina.startup.HostConfig.deployDirectory Desplegando el directorio [C:\Users\User\Desktop\Proyectos\TProg\tpgr07\portable\apache-tomcat-11.0.11\webapps\ROOT] de la aplicación web
06-Nov-2025 11:36:49.085 INFORMACIÓN [main] org.apache.catalina.startup.HostConfig.deployDirectory Deployment of web application directory [C:\Users\User\Desktop\Proyectos\TProg\tpgr07\portable\apache-tomcat-11.0.11\webapps\ROOT] has finished in [13] ms
06-Nov-2025 11:36:49.088 INFORMACIÓN [main] org.apache.coyote.AbstractProtocol.start Starting ProtocolHandler ["http-nio-8080"]
06-Nov-2025 11:36:49.101 INFORMACIÓN [main] org.apache.catalina.startup.Catalina.start Server startup in [2081] milliseconds
06-Nov-2025 15:55:57.426 INFORMACIÓN [main] org.apache.catalina.startup.VersionLoggerListener.log Nombre de la versión del servidor: Apache Tomcat/11.0.11
06-Nov-2025 15:55:57.428 INFORMACIÓN [main] org.apache.catalina.startup.VersionLoggerListener.log Server built:                      Sep 1 2025 10:24:44 UTC
06-Nov-2025 15:55:57.428 INFORMACIÓN [main] org.apache.catalina.startup.VersionLoggerListener.log Número de versión de servidor:     11.0.11.0
06-Nov-2025 15:55:57.429 INFORMACIÓN [main] org.apache.catalina.startup.VersionLoggerListener.log OS Name:                           Windows 11
06-Nov-2025 15:55:57.429 INFORMACIÓN [main] org.apache.catalina.startup.VersionLoggerListener.log Versión de Systema Operativo:      10.0
06-Nov-2025 15:55:57.429 INFORMACIÓN [main] org.apache.catalina.startup.VersionLoggerListener.log Arquitectura:                      amd64
06-Nov-2025 15:55:57.429 INFORMACIÓN [main] org.apache.catalina.startup.VersionLoggerListener.log Java Home:                         C:\Program Files\Microsoft\jdk-21.0.8.9-hotspot
06-Nov-2025 15:55:57.429 INFORMACIÓN [main] org.apache.catalina.startup.VersionLoggerListener.log JVM Version:                       21.0.8+9-LTS
06-Nov-2025 15:55:57.429 INFORMACIÓN [main] org.apache.catalina.startup.VersionLoggerListener.log Vededor JVM:                       Microsoft
06-Nov-2025 15:55:57.430 INFORMACIÓN [main] org.apache.catalina.startup.VersionLoggerListener.log CATALINA_BASE:                     C:\Users\User\Desktop\Proyectos\TProg\tpgr07\portable\apache-tomcat-11.0.11
06-Nov-2025 15:55:57.430 INFORMACIÓN [main] org.apache.catalina.startup.VersionLoggerListener.log CATALINA_HOME:                     C:\Users\User\Desktop\Proyectos\TProg\tpgr07\portable\apache-tomcat-11.0.11
06-Nov-2025 15:55:57.436 INFORMACIÓN [main] org.apache.catalina.startup.VersionLoggerListener.log Command line argument:             -Djava.util.logging.config.file=C:\Users\User\Desktop\Proyectos\TProg\tpgr07\portable\apache-tomcat-11.0.11\conf\logging.properties
06-Nov-2025 15:55:57.436 INFORMACIÓN [main] org.apache.catalina.startup.VersionLoggerListener.log Command line argument:             -Djava.util.logging.manager=org.apache.juli.ClassLoaderLogManager
06-Nov-2025 15:55:57.436 INFORMACIÓN [main] org.apache.catalina.startup.VersionLoggerListener.log Command line argument:             -Djdk.tls.ephemeralDHKeySize=2048
06-Nov-2025 15:55:57.436 INFORMACIÓN [main] org.apache.catalina.startup.VersionLoggerListener.log Command line argument:             --add-opens=java.base/java.lang=ALL-UNNAMED
06-Nov-2025 15:55:57.436 INFORMACIÓN [main] org.apache.catalina.startup.VersionLoggerListener.log Command line argument:             --add-opens=java.base/java.lang.reflect=ALL-UNNAMED
06-Nov-2025 15:55:57.436 INFORMACIÓN [main] org.apache.catalina.startup.VersionLoggerListener.log Command line argument:             --add-opens=java.base/java.io=ALL-UNNAMED
06-Nov-2025 15:55:57.437 INFORMACIÓN [main] org.apache.catalina.startup.VersionLoggerListener.log Command line argument:             --add-opens=java.base/java.util=ALL-UNNAMED
06-Nov-2025 15:55:57.437 INFORMACIÓN [main] org.apache.catalina.startup.VersionLoggerListener.log Command line argument:             --add-opens=java.base/java.util.concurrent=ALL-UNNAMED
06-Nov-2025 15:55:57.437 INFORMACIÓN [main] org.apache.catalina.startup.VersionLoggerListener.log Command line argument:             --add-opens=java.rmi/sun.rmi.transport=ALL-UNNAMED
06-Nov-2025 15:55:57.437 INFORMACIÓN [main] org.apache.catalina.startup.VersionLoggerListener.log Command line argument:             --enable-native-access=ALL-UNNAMED
06-Nov-2025 15:55:57.437 INFORMACIÓN [main] org.apache.catalina.startup.VersionLoggerListener.log Command line argument:             -Dcatalina.base=C:\Users\User\Desktop\Proyectos\TProg\tpgr07\portable\apache-tomcat-11.0.11
06-Nov-2025 15:55:57.438 INFORMACIÓN [main] org.apache.catalina.startup.VersionLoggerListener.log Command line argument:             -Dcatalina.home=C:\Users\User\Desktop\Proyectos\TProg\tpgr07\portable\apache-tomcat-11.0.11
06-Nov-2025 15:55:57.438 INFORMACIÓN [main] org.apache.catalina.startup.VersionLoggerListener.log Command line argument:             -Djava.io.tmpdir=C:\Users\User\Desktop\Proyectos\TProg\tpgr07\portable\apache-tomcat-11.0.11\temp
06-Nov-2025 15:55:57.441 INFORMACIÓN [main] org.apache.catalina.core.AprLifecycleListener.lifecycleEvent La biblioteca nativa de Apache Tomcat basada en ARP que permite un rendimiento óptimo en entornos de desarrollo no ha sido hallada en java.library.path: [C:\Program Files\Microsoft\jdk-21.0.8.9-hotspot\bin;C:\WINDOWS\Sun\Java\bin;C:\WINDOWS\system32;C:\WINDOWS;C:\Program Files\Microsoft\jdk-21.0.8.9-hotspot\bin;C:\Program Files (x86)\VMware\VMware Player\bin\;C:\WINDOWS\system32;C:\WINDOWS;C:\WINDOWS\System32\Wbem;C:\WINDOWS\System32\WindowsPowerShell\v1.0\;C:\WINDOWS\System32\OpenSSH\;C:\Program Files (x86)\NVIDIA Corporation\PhysX\Common;C:\Program Files\NVIDIA Corporation\NVIDIA app\NvDLISR;C:\Program Files\Git\cmd;C:\Program Files\dotnet\;C:\Users\User\AppData\Local\Programs\Python\Python313\Scripts\;C:\Users\User\AppData\Local\Programs\Python\Python313\;C:\Users\User\AppData\Local\Microsoft\WindowsApps;C:\Users\User\AppData\Local\Programs\Microsoft VS Code\bin;;.]
06-Nov-2025 15:55:57.608 INFORMACIÓN [main] org.apache.coyote.AbstractProtocol.init Inicializando el manejador de protocolo ["http-nio-8080"]

06-Nov-2025 15:55:57.628 INFORMACIÓN [main] org.apache.catalina.startup.Catalina.load Server initialization in [319] milliseconds
06-Nov-2025 15:55:57.676 INFORMACIÓN [main] org.apache.catalina.core.StandardService.startInternal Arrancando servicio [Catalina]
06-Nov-2025 15:55:57.676 INFORMACIÓN [main] org.apache.catalina.core.StandardEngine.startInternal Starting Servlet engine: [Apache Tomcat/11.0.11]
06-Nov-2025 15:55:57.687 INFORMACIÓN [main] org.apache.catalina.startup.HostConfig.deployWAR Despliegue del archivo [C:\Users\User\Desktop\Proyectos\TProg\tpgr07\portable\apache-tomcat-11.0.11\webapps\tarea2.war] de la aplicación web
06-Nov-2025 15:55:58.886 INFORMACIÓN [main] org.apache.jasper.servlet.TldScanner.scanJars Al menos un JAR, que se ha explorado buscando TLDs, aún no contenía TLDs. Activar historial de depuración para este historiador para una completa lista de los JARs que fueron explorados y de los que nos se halló TLDs. Saltarse JARs no necesarios durante la exploración puede dar lugar a una mejora de tiempo significativa en el arranque y compilación de JSP .
06-Nov-2025 15:55:58.932 INFORMACIÓN [main] org.apache.catalina.startup.HostConfig.deployWAR Deployment of web application archive [C:\Users\User\Desktop\Proyectos\TProg\tpgr07\portable\apache-tomcat-11.0.11\webapps\tarea2.war] has finished in [1.243] ms
06-Nov-2025 15:55:58.934 INFORMACIÓN [main] org.apache.catalina.startup.HostConfig.deployWAR Despliegue del archivo [C:\Users\User\Desktop\Proyectos\TProg\tpgr07\portable\apache-tomcat-11.0.11\webapps\tarea3.war] de la aplicación web
06-Nov-2025 15:55:59.457 INFORMACIÓN [main] org.apache.jasper.servlet.TldScanner.scanJars Al menos un JAR, que se ha explorado buscando TLDs, aún no contenía TLDs. Activar historial de depuración para este historiador para una completa lista de los JARs que fueron explorados y de los que nos se halló TLDs. Saltarse JARs no necesarios durante la exploración puede dar lugar a una mejora de tiempo significativa en el arranque y compilación de JSP .
06-Nov-2025 15:55:59.475 INFORMACIÓN [main] org.apache.catalina.startup.HostConfig.deployWAR Deployment of web application archive [C:\Users\User\Desktop\Proyectos\TProg\tpgr07\portable\apache-tomcat-11.0.11\webapps\tarea3.war] has finished in [541] ms
06-Nov-2025 15:55:59.476 INFORMACIÓN [main] org.apache.catalina.startup.HostConfig.deployDirectory Desplegando el directorio [C:\Users\User\Desktop\Proyectos\TProg\tpgr07\portable\apache-tomcat-11.0.11\webapps\docs] de la aplicación web
06-Nov-2025 15:55:59.496 INFORMACIÓN [main] org.apache.catalina.startup.HostConfig.deployDirectory Deployment of web application directory [C:\Users\User\Desktop\Proyectos\TProg\tpgr07\portable\apache-tomcat-11.0.11\webapps\docs] has finished in [20] ms
06-Nov-2025 15:55:59.497 INFORMACIÓN [main] org.apache.catalina.startup.HostConfig.deployDirectory Desplegando el directorio [C:\Users\User\Desktop\Proyectos\TProg\tpgr07\portable\apache-tomcat-11.0.11\webapps\examples] de la aplicación web
06-Nov-2025 15:55:59.682 INFORMACIÓN [main] org.apache.catalina.startup.HostConfig.deployDirectory Deployment of web application directory [C:\Users\User\Desktop\Proyectos\TProg\tpgr07\portable\apache-tomcat-11.0.11\webapps\examples] has finished in [184] ms
06-Nov-2025 15:55:59.682 INFORMACIÓN [main] org.apache.catalina.startup.HostConfig.deployDirectory Desplegando el directorio [C:\Users\User\Desktop\Proyectos\TProg\tpgr07\portable\apache-tomcat-11.0.11\webapps\host-manager] de la aplicación web
06-Nov-2025 15:55:59.704 INFORMACIÓN [main] org.apache.catalina.startup.HostConfig.deployDirectory Deployment of web application directory [C:\Users\User\Desktop\Proyectos\TProg\tpgr07\portable\apache-tomcat-11.0.11\webapps\host-manager] has finished in [22] ms
06-Nov-2025 15:55:59.704 INFORMACIÓN [main] org.apache.catalina.startup.HostConfig.deployDirectory Desplegando el directorio [C:\Users\User\Desktop\Proyectos\TProg\tpgr07\portable\apache-tomcat-11.0.11\webapps\manager] de la aplicación web
06-Nov-2025 15:55:59.722 INFORMACIÓN [main] org.apache.catalina.startup.HostConfig.deployDirectory Deployment of web application directory [C:\Users\User\Desktop\Proyectos\TProg\tpgr07\portable\apache-tomcat-11.0.11\webapps\manager] has finished in [18] ms
06-Nov-2025 15:55:59.723 INFORMACIÓN [main] org.apache.catalina.startup.HostConfig.deployDirectory Desplegando el directorio [C:\Users\User\Desktop\Proyectos\TProg\tpgr07\portable\apache-tomcat-11.0.11\webapps\ROOT] de la aplicación web
06-Nov-2025 15:55:59.737 INFORMACIÓN [main] org.apache.catalina.startup.HostConfig.deployDirectory Deployment of web application directory [C:\Users\User\Desktop\Proyectos\TProg\tpgr07\portable\apache-tomcat-11.0.11\webapps\ROOT] has finished in [13] ms
06-Nov-2025 15:55:59.738 INFORMACIÓN [main] org.apache.coyote.AbstractProtocol.start Starting ProtocolHandler ["http-nio-8080"]
06-Nov-2025 15:55:59.751 INFORMACIÓN [main] org.apache.catalina.startup.Catalina.start Server startup in [2121] milliseconds
06-Nov-2025 15:56:34.903 INFORMACIÓN [main] org.apache.catalina.core.StandardServer.await Se ha recibido un comando de apagado a través del puerto de apagado. Parando la instancia del Servidor.
06-Nov-2025 15:56:34.903 INFORMACIÓN [main] org.apache.coyote.AbstractProtocol.pause Pausing ProtocolHandler ["http-nio-8080"]
06-Nov-2025 15:56:34.906 INFORMACIÓN [main] org.apache.catalina.core.StandardService.stopInternal Parando servicio [Catalina]
06-Nov-2025 15:56:34.937 INFORMACIÓN [main] org.apache.coyote.AbstractProtocol.stop Stopping ProtocolHandler ["http-nio-8080"]
06-Nov-2025 15:56:34.981 INFORMACIÓN [main] org.apache.coyote.AbstractProtocol.destroy Destroying ProtocolHandler ["http-nio-8080"]
06-Nov-2025 15:59:38.902 INFORMACIÓN [main] org.apache.catalina.startup.VersionLoggerListener.log Nombre de la versión del servidor: Apache Tomcat/11.0.11
06-Nov-2025 15:59:38.906 INFORMACIÓN [main] org.apache.catalina.startup.VersionLoggerListener.log Server built:                      Sep 1 2025 10:24:44 UTC
06-Nov-2025 15:59:38.907 INFORMACIÓN [main] org.apache.catalina.startup.VersionLoggerListener.log Número de versión de servidor:     11.0.11.0
06-Nov-2025 15:59:38.908 INFORMACIÓN [main] org.apache.catalina.startup.VersionLoggerListener.log OS Name:                           Windows 11
06-Nov-2025 15:59:38.909 INFORMACIÓN [main] org.apache.catalina.startup.VersionLoggerListener.log Versión de Systema Operativo:      10.0
06-Nov-2025 15:59:38.910 INFORMACIÓN [main] org.apache.catalina.startup.VersionLoggerListener.log Arquitectura:                      amd64
06-Nov-2025 15:59:38.910 INFORMACIÓN [main] org.apache.catalina.startup.VersionLoggerListener.log Java Home:                         C:\Program Files\Microsoft\jdk-21.0.8.9-hotspot
06-Nov-2025 15:59:38.910 INFORMACIÓN [main] org.apache.catalina.startup.VersionLoggerListener.log JVM Version:                       21.0.8+9-LTS
06-Nov-2025 15:59:38.911 INFORMACIÓN [main] org.apache.catalina.startup.VersionLoggerListener.log Vededor JVM:                       Microsoft
06-Nov-2025 15:59:38.911 INFORMACIÓN [main] org.apache.catalina.startup.VersionLoggerListener.log CATALINA_BASE:                     C:\Users\User\Desktop\Proyectos\TProg\tpgr07\portable\apache-tomcat-11.0.11
06-Nov-2025 15:59:38.912 INFORMACIÓN [main] org.apache.catalina.startup.VersionLoggerListener.log CATALINA_HOME:                     C:\Users\User\Desktop\Proyectos\TProg\tpgr07\portable\apache-tomcat-11.0.11
06-Nov-2025 15:59:38.923 INFORMACIÓN [main] org.apache.catalina.startup.VersionLoggerListener.log Command line argument:             -Djava.util.logging.config.file=C:\Users\User\Desktop\Proyectos\TProg\tpgr07\portable\apache-tomcat-11.0.11\conf\logging.properties
06-Nov-2025 15:59:38.923 INFORMACIÓN [main] org.apache.catalina.startup.VersionLoggerListener.log Command line argument:             -Djava.util.logging.manager=org.apache.juli.ClassLoaderLogManager
06-Nov-2025 15:59:38.924 INFORMACIÓN [main] org.apache.catalina.startup.VersionLoggerListener.log Command line argument:             -Djdk.tls.ephemeralDHKeySize=2048
06-Nov-2025 15:59:38.924 INFORMACIÓN [main] org.apache.catalina.startup.VersionLoggerListener.log Command line argument:             --add-opens=java.base/java.lang=ALL-UNNAMED
06-Nov-2025 15:59:38.924 INFORMACIÓN [main] org.apache.catalina.startup.VersionLoggerListener.log Command line argument:             --add-opens=java.base/java.lang.reflect=ALL-UNNAMED
06-Nov-2025 15:59:38.925 INFORMACIÓN [main] org.apache.catalina.startup.VersionLoggerListener.log Command line argument:             --add-opens=java.base/java.io=ALL-UNNAMED
06-Nov-2025 15:59:38.925 INFORMACIÓN [main] org.apache.catalina.startup.VersionLoggerListener.log Command line argument:             --add-opens=java.base/java.util=ALL-UNNAMED
06-Nov-2025 15:59:38.925 INFORMACIÓN [main] org.apache.catalina.startup.VersionLoggerListener.log Command line argument:             --add-opens=java.base/java.util.concurrent=ALL-UNNAMED
06-Nov-2025 15:59:38.925 INFORMACIÓN [main] org.apache.catalina.startup.VersionLoggerListener.log Command line argument:             --add-opens=java.rmi/sun.rmi.transport=ALL-UNNAMED
06-Nov-2025 15:59:38.926 INFORMACIÓN [main] org.apache.catalina.startup.VersionLoggerListener.log Command line argument:             --enable-native-access=ALL-UNNAMED
06-Nov-2025 15:59:38.926 INFORMACIÓN [main] org.apache.catalina.startup.VersionLoggerListener.log Command line argument:             -Dcatalina.base=C:\Users\User\Desktop\Proyectos\TProg\tpgr07\portable\apache-tomcat-11.0.11
06-Nov-2025 15:59:38.926 INFORMACIÓN [main] org.apache.catalina.startup.VersionLoggerListener.log Command line argument:             -Dcatalina.home=C:\Users\User\Desktop\Proyectos\TProg\tpgr07\portable\apache-tomcat-11.0.11
06-Nov-2025 15:59:38.926 INFORMACIÓN [main] org.apache.catalina.startup.VersionLoggerListener.log Command line argument:             -Djava.io.tmpdir=C:\Users\User\Desktop\Proyectos\TProg\tpgr07\portable\apache-tomcat-11.0.11\temp
06-Nov-2025 15:59:38.935 INFORMACIÓN [main] org.apache.catalina.core.AprLifecycleListener.lifecycleEvent La biblioteca nativa de Apache Tomcat basada en ARP que permite un rendimiento óptimo en entornos de desarrollo no ha sido hallada en java.library.path: [C:\Program Files\Microsoft\jdk-21.0.8.9-hotspot\bin;C:\WINDOWS\Sun\Java\bin;C:\WINDOWS\system32;C:\WINDOWS;C:\Program Files\Microsoft\jdk-21.0.8.9-hotspot\bin;C:\Program Files (x86)\VMware\VMware Player\bin\;C:\WINDOWS\system32;C:\WINDOWS;C:\WINDOWS\System32\Wbem;C:\WINDOWS\System32\WindowsPowerShell\v1.0\;C:\WINDOWS\System32\OpenSSH\;C:\Program Files (x86)\NVIDIA Corporation\PhysX\Common;C:\Program Files\NVIDIA Corporation\NVIDIA app\NvDLISR;C:\Program Files\Git\cmd;C:\Program Files\dotnet\;C:\Users\User\AppData\Local\Programs\Python\Python313\Scripts\;C:\Users\User\AppData\Local\Programs\Python\Python313\;C:\Users\User\AppData\Local\Microsoft\WindowsApps;C:\Users\User\AppData\Local\Programs\Microsoft VS Code\bin;;.]
06-Nov-2025 15:59:39.394 INFORMACIÓN [main] org.apache.coyote.AbstractProtocol.init Inicializando el manejador de protocolo ["http-nio-8080"]

06-Nov-2025 15:59:39.447 INFORMACIÓN [main] org.apache.catalina.startup.Catalina.load Server initialization in [865] milliseconds
06-Nov-2025 15:59:39.552 INFORMACIÓN [main] org.apache.catalina.core.StandardService.startInternal Arrancando servicio [Catalina]
06-Nov-2025 15:59:39.560 INFORMACIÓN [main] org.apache.catalina.core.StandardEngine.startInternal Starting Servlet engine: [Apache Tomcat/11.0.11]
06-Nov-2025 15:59:39.582 INFORMACIÓN [main] org.apache.catalina.startup.HostConfig.deployWAR Despliegue del archivo [C:\Users\User\Desktop\Proyectos\TProg\tpgr07\portable\apache-tomcat-11.0.11\webapps\tarea2.war] de la aplicación web
06-Nov-2025 15:59:42.599 INFORMACIÓN [main] org.apache.jasper.servlet.TldScanner.scanJars Al menos un JAR, que se ha explorado buscando TLDs, aún no contenía TLDs. Activar historial de depuración para este historiador para una completa lista de los JARs que fueron explorados y de los que nos se halló TLDs. Saltarse JARs no necesarios durante la exploración puede dar lugar a una mejora de tiempo significativa en el arranque y compilación de JSP .
06-Nov-2025 15:59:42.804 INFORMACIÓN [main] org.apache.catalina.startup.HostConfig.deployWAR Deployment of web application archive [C:\Users\User\Desktop\Proyectos\TProg\tpgr07\portable\apache-tomcat-11.0.11\webapps\tarea2.war] has finished in [3.219] ms
06-Nov-2025 15:59:42.806 INFORMACIÓN [main] org.apache.catalina.startup.HostConfig.deployWAR Despliegue del archivo [C:\Users\User\Desktop\Proyectos\TProg\tpgr07\portable\apache-tomcat-11.0.11\webapps\tarea3.war] de la aplicación web
06-Nov-2025 15:59:43.815 INFORMACIÓN [main] org.apache.jasper.servlet.TldScanner.scanJars Al menos un JAR, que se ha explorado buscando TLDs, aún no contenía TLDs. Activar historial de depuración para este historiador para una completa lista de los JARs que fueron explorados y de los que nos se halló TLDs. Saltarse JARs no necesarios durante la exploración puede dar lugar a una mejora de tiempo significativa en el arranque y compilación de JSP .
06-Nov-2025 15:59:43.855 INFORMACIÓN [main] org.apache.catalina.startup.HostConfig.deployWAR Deployment of web application archive [C:\Users\User\Desktop\Proyectos\TProg\tpgr07\portable\apache-tomcat-11.0.11\webapps\tarea3.war] has finished in [1.049] ms
06-Nov-2025 15:59:43.856 INFORMACIÓN [main] org.apache.catalina.startup.HostConfig.deployDirectory Desplegando el directorio [C:\Users\User\Desktop\Proyectos\TProg\tpgr07\portable\apache-tomcat-11.0.11\webapps\docs] de la aplicación web
06-Nov-2025 15:59:43.925 INFORMACIÓN [main] org.apache.catalina.startup.HostConfig.deployDirectory Deployment of web application directory [C:\Users\User\Desktop\Proyectos\TProg\tpgr07\portable\apache-tomcat-11.0.11\webapps\docs] has finished in [69] ms
06-Nov-2025 15:59:43.927 INFORMACIÓN [main] org.apache.catalina.startup.HostConfig.deployDirectory Desplegando el directorio [C:\Users\User\Desktop\Proyectos\TProg\tpgr07\portable\apache-tomcat-11.0.11\webapps\examples] de la aplicación web
06-Nov-2025 15:59:44.423 INFORMACIÓN [main] org.apache.catalina.startup.HostConfig.deployDirectory Deployment of web application directory [C:\Users\User\Desktop\Proyectos\TProg\tpgr07\portable\apache-tomcat-11.0.11\webapps\examples] has finished in [495] ms
06-Nov-2025 15:59:44.423 INFORMACIÓN [main] org.apache.catalina.startup.HostConfig.deployDirectory Desplegando el directorio [C:\Users\User\Desktop\Proyectos\TProg\tpgr07\portable\apache-tomcat-11.0.11\webapps\host-manager] de la aplicación web
06-Nov-2025 15:59:44.473 INFORMACIÓN [main] org.apache.catalina.startup.HostConfig.deployDirectory Deployment of web application directory [C:\Users\User\Desktop\Proyectos\TProg\tpgr07\portable\apache-tomcat-11.0.11\webapps\host-manager] has finished in [50] ms
06-Nov-2025 15:59:44.474 INFORMACIÓN [main] org.apache.catalina.startup.HostConfig.deployDirectory Desplegando el directorio [C:\Users\User\Desktop\Proyectos\TProg\tpgr07\portable\apache-tomcat-11.0.11\webapps\manager] de la aplicación web
06-Nov-2025 15:59:44.523 INFORMACIÓN [main] org.apache.catalina.startup.HostConfig.deployDirectory Deployment of web application directory [C:\Users\User\Desktop\Proyectos\TProg\tpgr07\portable\apache-tomcat-11.0.11\webapps\manager] has finished in [49] ms
06-Nov-2025 15:59:44.523 INFORMACIÓN [main] org.apache.catalina.startup.HostConfig.deployDirectory Desplegando el directorio [C:\Users\User\Desktop\Proyectos\TProg\tpgr07\portable\apache-tomcat-11.0.11\webapps\ROOT] de la aplicación web
06-Nov-2025 15:59:44.559 INFORMACIÓN [main] org.apache.catalina.startup.HostConfig.deployDirectory Deployment of web application directory [C:\Users\User\Desktop\Proyectos\TProg\tpgr07\portable\apache-tomcat-11.0.11\webapps\ROOT] has finished in [36] ms
06-Nov-2025 15:59:44.566 INFORMACIÓN [main] org.apache.coyote.AbstractProtocol.start Starting ProtocolHandler ["http-nio-8080"]
06-Nov-2025 15:59:44.585 INFORMACIÓN [main] org.apache.catalina.startup.Catalina.start Server startup in [5133] milliseconds
06-Nov-2025 16:00:08.428 INFORMACIÓN [main] org.apache.catalina.startup.VersionLoggerListener.log Nombre de la versión del servidor: Apache Tomcat/11.0.11
06-Nov-2025 16:00:08.435 INFORMACIÓN [main] org.apache.catalina.startup.VersionLoggerListener.log Server built:                      Sep 1 2025 10:24:44 UTC
06-Nov-2025 16:00:08.436 INFORMACIÓN [main] org.apache.catalina.startup.VersionLoggerListener.log Número de versión de servidor:     11.0.11.0
06-Nov-2025 16:00:08.436 INFORMACIÓN [main] org.apache.catalina.startup.VersionLoggerListener.log OS Name:                           Windows 11
06-Nov-2025 16:00:08.436 INFORMACIÓN [main] org.apache.catalina.startup.VersionLoggerListener.log Versión de Systema Operativo:      10.0
06-Nov-2025 16:00:08.436 INFORMACIÓN [main] org.apache.catalina.startup.VersionLoggerListener.log Arquitectura:                      amd64
06-Nov-2025 16:00:08.437 INFORMACIÓN [main] org.apache.catalina.startup.VersionLoggerListener.log Java Home:                         C:\Program Files\Microsoft\jdk-21.0.8.9-hotspot
06-Nov-2025 16:00:08.437 INFORMACIÓN [main] org.apache.catalina.startup.VersionLoggerListener.log JVM Version:                       21.0.8+9-LTS
06-Nov-2025 16:00:08.438 INFORMACIÓN [main] org.apache.catalina.startup.VersionLoggerListener.log Vededor JVM:                       Microsoft
06-Nov-2025 16:00:08.438 INFORMACIÓN [main] org.apache.catalina.startup.VersionLoggerListener.log CATALINA_BASE:                     C:\Users\User\Desktop\Proyectos\TProg\tpgr07\portable\apache-tomcat-11.0.11
06-Nov-2025 16:00:08.438 INFORMACIÓN [main] org.apache.catalina.startup.VersionLoggerListener.log CATALINA_HOME:                     C:\Users\User\Desktop\Proyectos\TProg\tpgr07\portable\apache-tomcat-11.0.11
06-Nov-2025 16:00:08.450 INFORMACIÓN [main] org.apache.catalina.startup.VersionLoggerListener.log Command line argument:             -Djava.util.logging.config.file=C:\Users\User\Desktop\Proyectos\TProg\tpgr07\portable\apache-tomcat-11.0.11\conf\logging.properties
06-Nov-2025 16:00:08.450 INFORMACIÓN [main] org.apache.catalina.startup.VersionLoggerListener.log Command line argument:             -Djava.util.logging.manager=org.apache.juli.ClassLoaderLogManager
06-Nov-2025 16:00:08.452 INFORMACIÓN [main] org.apache.catalina.startup.VersionLoggerListener.log Command line argument:             -Djdk.tls.ephemeralDHKeySize=2048
06-Nov-2025 16:00:08.452 INFORMACIÓN [main] org.apache.catalina.startup.VersionLoggerListener.log Command line argument:             --add-opens=java.base/java.lang=ALL-UNNAMED
06-Nov-2025 16:00:08.452 INFORMACIÓN [main] org.apache.catalina.startup.VersionLoggerListener.log Command line argument:             --add-opens=java.base/java.lang.reflect=ALL-UNNAMED
06-Nov-2025 16:00:08.452 INFORMACIÓN [main] org.apache.catalina.startup.VersionLoggerListener.log Command line argument:             --add-opens=java.base/java.io=ALL-UNNAMED
06-Nov-2025 16:00:08.453 INFORMACIÓN [main] org.apache.catalina.startup.VersionLoggerListener.log Command line argument:             --add-opens=java.base/java.util=ALL-UNNAMED
06-Nov-2025 16:00:08.453 INFORMACIÓN [main] org.apache.catalina.startup.VersionLoggerListener.log Command line argument:             --add-opens=java.base/java.util.concurrent=ALL-UNNAMED
06-Nov-2025 16:00:08.455 INFORMACIÓN [main] org.apache.catalina.startup.VersionLoggerListener.log Command line argument:             --add-opens=java.rmi/sun.rmi.transport=ALL-UNNAMED
06-Nov-2025 16:00:08.455 INFORMACIÓN [main] org.apache.catalina.startup.VersionLoggerListener.log Command line argument:             --enable-native-access=ALL-UNNAMED
06-Nov-2025 16:00:08.456 INFORMACIÓN [main] org.apache.catalina.startup.VersionLoggerListener.log Command line argument:             -Dcatalina.base=C:\Users\User\Desktop\Proyectos\TProg\tpgr07\portable\apache-tomcat-11.0.11
06-Nov-2025 16:00:08.459 INFORMACIÓN [main] org.apache.catalina.startup.VersionLoggerListener.log Command line argument:             -Dcatalina.home=C:\Users\User\Desktop\Proyectos\TProg\tpgr07\portable\apache-tomcat-11.0.11
06-Nov-2025 16:00:08.459 INFORMACIÓN [main] org.apache.catalina.startup.VersionLoggerListener.log Command line argument:             -Djava.io.tmpdir=C:\Users\User\Desktop\Proyectos\TProg\tpgr07\portable\apache-tomcat-11.0.11\temp
06-Nov-2025 16:00:08.468 INFORMACIÓN [main] org.apache.catalina.core.AprLifecycleListener.lifecycleEvent La biblioteca nativa de Apache Tomcat basada en ARP que permite un rendimiento óptimo en entornos de desarrollo no ha sido hallada en java.library.path: [C:\Program Files\Microsoft\jdk-21.0.8.9-hotspot\bin;C:\WINDOWS\Sun\Java\bin;C:\WINDOWS\system32;C:\WINDOWS;C:\Program Files\Microsoft\jdk-21.0.8.9-hotspot\bin;C:\Program Files (x86)\VMware\VMware Player\bin\;C:\WINDOWS\system32;C:\WINDOWS;C:\WINDOWS\System32\Wbem;C:\WINDOWS\System32\WindowsPowerShell\v1.0\;C:\WINDOWS\System32\OpenSSH\;C:\Program Files (x86)\NVIDIA Corporation\PhysX\Common;C:\Program Files\NVIDIA Corporation\NVIDIA app\NvDLISR;C:\Program Files\Git\cmd;C:\Program Files\dotnet\;C:\Users\User\AppData\Local\Programs\Python\Python313\Scripts\;C:\Users\User\AppData\Local\Programs\Python\Python313\;C:\Users\User\AppData\Local\Microsoft\WindowsApps;C:\Users\User\AppData\Local\Programs\Microsoft VS Code\bin;;.]
06-Nov-2025 16:00:08.878 INFORMACIÓN [main] org.apache.coyote.AbstractProtocol.init Inicializando el manejador de protocolo ["http-nio-8080"]

06-Nov-2025 16:00:08.916 INFORMACIÓN [main] org.apache.catalina.startup.Catalina.load Server initialization in [781] milliseconds
06-Nov-2025 16:00:09.007 INFORMACIÓN [main] org.apache.catalina.core.StandardService.startInternal Arrancando servicio [Catalina]
06-Nov-2025 16:00:09.008 INFORMACIÓN [main] org.apache.catalina.core.StandardEngine.startInternal Starting Servlet engine: [Apache Tomcat/11.0.11]
06-Nov-2025 16:00:09.033 INFORMACIÓN [main] org.apache.catalina.startup.HostConfig.deployWAR Despliegue del archivo [C:\Users\User\Desktop\Proyectos\TProg\tpgr07\portable\apache-tomcat-11.0.11\webapps\tarea2.war] de la aplicación web
06-Nov-2025 16:00:11.710 INFORMACIÓN [main] org.apache.jasper.servlet.TldScanner.scanJars Al menos un JAR, que se ha explorado buscando TLDs, aún no contenía TLDs. Activar historial de depuración para este historiador para una completa lista de los JARs que fueron explorados y de los que nos se halló TLDs. Saltarse JARs no necesarios durante la exploración puede dar lugar a una mejora de tiempo significativa en el arranque y compilación de JSP .
06-Nov-2025 16:00:11.801 INFORMACIÓN [main] org.apache.catalina.startup.HostConfig.deployWAR Deployment of web application archive [C:\Users\User\Desktop\Proyectos\TProg\tpgr07\portable\apache-tomcat-11.0.11\webapps\tarea2.war] has finished in [2.765] ms
06-Nov-2025 16:00:11.802 INFORMACIÓN [main] org.apache.catalina.startup.HostConfig.deployWAR Despliegue del archivo [C:\Users\User\Desktop\Proyectos\TProg\tpgr07\portable\apache-tomcat-11.0.11\webapps\tarea3.war] de la aplicación web
06-Nov-2025 16:00:12.888 INFORMACIÓN [main] org.apache.jasper.servlet.TldScanner.scanJars Al menos un JAR, que se ha explorado buscando TLDs, aún no contenía TLDs. Activar historial de depuración para este historiador para una completa lista de los JARs que fueron explorados y de los que nos se halló TLDs. Saltarse JARs no necesarios durante la exploración puede dar lugar a una mejora de tiempo significativa en el arranque y compilación de JSP .
06-Nov-2025 16:00:12.923 INFORMACIÓN [main] org.apache.catalina.startup.HostConfig.deployWAR Deployment of web application archive [C:\Users\User\Desktop\Proyectos\TProg\tpgr07\portable\apache-tomcat-11.0.11\webapps\tarea3.war] has finished in [1.120] ms
06-Nov-2025 16:00:12.926 INFORMACIÓN [main] org.apache.catalina.startup.HostConfig.deployDirectory Desplegando el directorio [C:\Users\User\Desktop\Proyectos\TProg\tpgr07\portable\apache-tomcat-11.0.11\webapps\docs] de la aplicación web
06-Nov-2025 16:00:12.961 INFORMACIÓN [main] org.apache.catalina.startup.HostConfig.deployDirectory Deployment of web application directory [C:\Users\User\Desktop\Proyectos\TProg\tpgr07\portable\apache-tomcat-11.0.11\webapps\docs] has finished in [34] ms
06-Nov-2025 16:00:12.962 INFORMACIÓN [main] org.apache.catalina.startup.HostConfig.deployDirectory Desplegando el directorio [C:\Users\User\Desktop\Proyectos\TProg\tpgr07\portable\apache-tomcat-11.0.11\webapps\examples] de la aplicación web
06-Nov-2025 16:00:13.488 INFORMACIÓN [main] org.apache.catalina.startup.HostConfig.deployDirectory Deployment of web application directory [C:\Users\User\Desktop\Proyectos\TProg\tpgr07\portable\apache-tomcat-11.0.11\webapps\examples] has finished in [526] ms
06-Nov-2025 16:00:13.489 INFORMACIÓN [main] org.apache.catalina.startup.HostConfig.deployDirectory Desplegando el directorio [C:\Users\User\Desktop\Proyectos\TProg\tpgr07\portable\apache-tomcat-11.0.11\webapps\host-manager] de la aplicación web
06-Nov-2025 16:00:13.529 INFORMACIÓN [main] org.apache.catalina.startup.HostConfig.deployDirectory Deployment of web application directory [C:\Users\User\Desktop\Proyectos\TProg\tpgr07\portable\apache-tomcat-11.0.11\webapps\host-manager] has finished in [40] ms
06-Nov-2025 16:00:13.529 INFORMACIÓN [main] org.apache.catalina.startup.HostConfig.deployDirectory Desplegando el directorio [C:\Users\User\Desktop\Proyectos\TProg\tpgr07\portable\apache-tomcat-11.0.11\webapps\manager] de la aplicación web
06-Nov-2025 16:00:13.567 INFORMACIÓN [main] org.apache.catalina.startup.HostConfig.deployDirectory Deployment of web application directory [C:\Users\User\Desktop\Proyectos\TProg\tpgr07\portable\apache-tomcat-11.0.11\webapps\manager] has finished in [38] ms
06-Nov-2025 16:00:13.568 INFORMACIÓN [main] org.apache.catalina.startup.HostConfig.deployDirectory Desplegando el directorio [C:\Users\User\Desktop\Proyectos\TProg\tpgr07\portable\apache-tomcat-11.0.11\webapps\ROOT] de la aplicación web
06-Nov-2025 16:00:13.597 INFORMACIÓN [main] org.apache.catalina.startup.HostConfig.deployDirectory Deployment of web application directory [C:\Users\User\Desktop\Proyectos\TProg\tpgr07\portable\apache-tomcat-11.0.11\webapps\ROOT] has finished in [29] ms
06-Nov-2025 16:00:13.602 INFORMACIÓN [main] org.apache.coyote.AbstractProtocol.start Starting ProtocolHandler ["http-nio-8080"]
06-Nov-2025 16:00:13.624 INFORMACIÓN [main] org.apache.catalina.startup.Catalina.start Server startup in [4706] milliseconds
06-Nov-2025 16:00:44.279 INFORMACIÓN [main] org.apache.catalina.startup.VersionLoggerListener.log Nombre de la versión del servidor: Apache Tomcat/11.0.11
06-Nov-2025 16:00:44.289 INFORMACIÓN [main] org.apache.catalina.startup.VersionLoggerListener.log Server built:                      Sep 1 2025 10:24:44 UTC
06-Nov-2025 16:00:44.289 INFORMACIÓN [main] org.apache.catalina.startup.VersionLoggerListener.log Número de versión de servidor:     11.0.11.0
06-Nov-2025 16:00:44.291 INFORMACIÓN [main] org.apache.catalina.startup.VersionLoggerListener.log OS Name:                           Windows 11
06-Nov-2025 16:00:44.291 INFORMACIÓN [main] org.apache.catalina.startup.VersionLoggerListener.log Versión de Systema Operativo:      10.0
06-Nov-2025 16:00:44.291 INFORMACIÓN [main] org.apache.catalina.startup.VersionLoggerListener.log Arquitectura:                      amd64
06-Nov-2025 16:00:44.292 INFORMACIÓN [main] org.apache.catalina.startup.VersionLoggerListener.log Java Home:                         C:\Program Files\Microsoft\jdk-21.0.8.9-hotspot
06-Nov-2025 16:00:44.293 INFORMACIÓN [main] org.apache.catalina.startup.VersionLoggerListener.log JVM Version:                       21.0.8+9-LTS
06-Nov-2025 16:00:44.296 INFORMACIÓN [main] org.apache.catalina.startup.VersionLoggerListener.log Vededor JVM:                       Microsoft
06-Nov-2025 16:00:44.296 INFORMACIÓN [main] org.apache.catalina.startup.VersionLoggerListener.log CATALINA_BASE:                     C:\Users\User\Desktop\Proyectos\TProg\tpgr07\portable\apache-tomcat-11.0.11
06-Nov-2025 16:00:44.297 INFORMACIÓN [main] org.apache.catalina.startup.VersionLoggerListener.log CATALINA_HOME:                     C:\Users\User\Desktop\Proyectos\TProg\tpgr07\portable\apache-tomcat-11.0.11
06-Nov-2025 16:00:44.306 INFORMACIÓN [main] org.apache.catalina.startup.VersionLoggerListener.log Command line argument:             -Djava.util.logging.config.file=C:\Users\User\Desktop\Proyectos\TProg\tpgr07\portable\apache-tomcat-11.0.11\conf\logging.properties
06-Nov-2025 16:00:44.307 INFORMACIÓN [main] org.apache.catalina.startup.VersionLoggerListener.log Command line argument:             -Djava.util.logging.manager=org.apache.juli.ClassLoaderLogManager
06-Nov-2025 16:00:44.307 INFORMACIÓN [main] org.apache.catalina.startup.VersionLoggerListener.log Command line argument:             -Djdk.tls.ephemeralDHKeySize=2048
06-Nov-2025 16:00:44.308 INFORMACIÓN [main] org.apache.catalina.startup.VersionLoggerListener.log Command line argument:             --add-opens=java.base/java.lang=ALL-UNNAMED
06-Nov-2025 16:00:44.309 INFORMACIÓN [main] org.apache.catalina.startup.VersionLoggerListener.log Command line argument:             --add-opens=java.base/java.lang.reflect=ALL-UNNAMED
06-Nov-2025 16:00:44.309 INFORMACIÓN [main] org.apache.catalina.startup.VersionLoggerListener.log Command line argument:             --add-opens=java.base/java.io=ALL-UNNAMED
06-Nov-2025 16:00:44.310 INFORMACIÓN [main] org.apache.catalina.startup.VersionLoggerListener.log Command line argument:             --add-opens=java.base/java.util=ALL-UNNAMED
06-Nov-2025 16:00:44.311 INFORMACIÓN [main] org.apache.catalina.startup.VersionLoggerListener.log Command line argument:             --add-opens=java.base/java.util.concurrent=ALL-UNNAMED
06-Nov-2025 16:00:44.314 INFORMACIÓN [main] org.apache.catalina.startup.VersionLoggerListener.log Command line argument:             --add-opens=java.rmi/sun.rmi.transport=ALL-UNNAMED
06-Nov-2025 16:00:44.315 INFORMACIÓN [main] org.apache.catalina.startup.VersionLoggerListener.log Command line argument:             --enable-native-access=ALL-UNNAMED
06-Nov-2025 16:00:44.316 INFORMACIÓN [main] org.apache.catalina.startup.VersionLoggerListener.log Command line argument:             -Dcatalina.base=C:\Users\User\Desktop\Proyectos\TProg\tpgr07\portable\apache-tomcat-11.0.11
06-Nov-2025 16:00:44.317 INFORMACIÓN [main] org.apache.catalina.startup.VersionLoggerListener.log Command line argument:             -Dcatalina.home=C:\Users\User\Desktop\Proyectos\TProg\tpgr07\portable\apache-tomcat-11.0.11
06-Nov-2025 16:00:44.318 INFORMACIÓN [main] org.apache.catalina.startup.VersionLoggerListener.log Command line argument:             -Djava.io.tmpdir=C:\Users\User\Desktop\Proyectos\TProg\tpgr07\portable\apache-tomcat-11.0.11\temp
06-Nov-2025 16:00:44.333 INFORMACIÓN [main] org.apache.catalina.core.AprLifecycleListener.lifecycleEvent La biblioteca nativa de Apache Tomcat basada en ARP que permite un rendimiento óptimo en entornos de desarrollo no ha sido hallada en java.library.path: [C:\Program Files\Microsoft\jdk-21.0.8.9-hotspot\bin;C:\WINDOWS\Sun\Java\bin;C:\WINDOWS\system32;C:\WINDOWS;C:\Program Files\Microsoft\jdk-21.0.8.9-hotspot\bin;C:\Program Files (x86)\VMware\VMware Player\bin\;C:\WINDOWS\system32;C:\WINDOWS;C:\WINDOWS\System32\Wbem;C:\WINDOWS\System32\WindowsPowerShell\v1.0\;C:\WINDOWS\System32\OpenSSH\;C:\Program Files (x86)\NVIDIA Corporation\PhysX\Common;C:\Program Files\NVIDIA Corporation\NVIDIA app\NvDLISR;C:\Program Files\Git\cmd;C:\Program Files\dotnet\;C:\Users\User\AppData\Local\Programs\Python\Python313\Scripts\;C:\Users\User\AppData\Local\Programs\Python\Python313\;C:\Users\User\AppData\Local\Microsoft\WindowsApps;C:\Users\User\AppData\Local\Programs\Microsoft VS Code\bin;;.]
06-Nov-2025 16:00:44.730 INFORMACIÓN [main] org.apache.coyote.AbstractProtocol.init Inicializando el manejador de protocolo ["http-nio-8080"]

06-Nov-2025 16:00:44.760 INFORMACIÓN [main] org.apache.catalina.startup.Catalina.load Server initialization in [826] milliseconds
06-Nov-2025 16:00:44.860 INFORMACIÓN [main] org.apache.catalina.core.StandardService.startInternal Arrancando servicio [Catalina]
06-Nov-2025 16:00:44.861 INFORMACIÓN [main] org.apache.catalina.core.StandardEngine.startInternal Starting Servlet engine: [Apache Tomcat/11.0.11]
06-Nov-2025 16:00:44.882 INFORMACIÓN [main] org.apache.catalina.startup.HostConfig.deployWAR Despliegue del archivo [C:\Users\User\Desktop\Proyectos\TProg\tpgr07\portable\apache-tomcat-11.0.11\webapps\tarea2.war] de la aplicación web
06-Nov-2025 16:00:47.942 INFORMACIÓN [main] org.apache.jasper.servlet.TldScanner.scanJars Al menos un JAR, que se ha explorado buscando TLDs, aún no contenía TLDs. Activar historial de depuración para este historiador para una completa lista de los JARs que fueron explorados y de los que nos se halló TLDs. Saltarse JARs no necesarios durante la exploración puede dar lugar a una mejora de tiempo significativa en el arranque y compilación de JSP .
06-Nov-2025 16:00:48.047 INFORMACIÓN [main] org.apache.catalina.startup.HostConfig.deployWAR Deployment of web application archive [C:\Users\User\Desktop\Proyectos\TProg\tpgr07\portable\apache-tomcat-11.0.11\webapps\tarea2.war] has finished in [3.163] ms
06-Nov-2025 16:00:48.047 INFORMACIÓN [main] org.apache.catalina.startup.HostConfig.deployWAR Despliegue del archivo [C:\Users\User\Desktop\Proyectos\TProg\tpgr07\portable\apache-tomcat-11.0.11\webapps\tarea3.war] de la aplicación web
06-Nov-2025 16:00:49.126 INFORMACIÓN [main] org.apache.jasper.servlet.TldScanner.scanJars Al menos un JAR, que se ha explorado buscando TLDs, aún no contenía TLDs. Activar historial de depuración para este historiador para una completa lista de los JARs que fueron explorados y de los que nos se halló TLDs. Saltarse JARs no necesarios durante la exploración puede dar lugar a una mejora de tiempo significativa en el arranque y compilación de JSP .
06-Nov-2025 16:00:49.161 INFORMACIÓN [main] org.apache.catalina.startup.HostConfig.deployWAR Deployment of web application archive [C:\Users\User\Desktop\Proyectos\TProg\tpgr07\portable\apache-tomcat-11.0.11\webapps\tarea3.war] has finished in [1.114] ms
06-Nov-2025 16:00:49.161 INFORMACIÓN [main] org.apache.catalina.startup.HostConfig.deployDirectory Desplegando el directorio [C:\Users\User\Desktop\Proyectos\TProg\tpgr07\portable\apache-tomcat-11.0.11\webapps\docs] de la aplicación web
06-Nov-2025 16:00:49.211 INFORMACIÓN [main] org.apache.catalina.startup.HostConfig.deployDirectory Deployment of web application directory [C:\Users\User\Desktop\Proyectos\TProg\tpgr07\portable\apache-tomcat-11.0.11\webapps\docs] has finished in [50] ms
06-Nov-2025 16:00:49.212 INFORMACIÓN [main] org.apache.catalina.startup.HostConfig.deployDirectory Desplegando el directorio [C:\Users\User\Desktop\Proyectos\TProg\tpgr07\portable\apache-tomcat-11.0.11\webapps\examples] de la aplicación web
06-Nov-2025 16:00:49.682 INFORMACIÓN [main] org.apache.catalina.startup.HostConfig.deployDirectory Deployment of web application directory [C:\Users\User\Desktop\Proyectos\TProg\tpgr07\portable\apache-tomcat-11.0.11\webapps\examples] has finished in [470] ms
06-Nov-2025 16:00:49.682 INFORMACIÓN [main] org.apache.catalina.startup.HostConfig.deployDirectory Desplegando el directorio [C:\Users\User\Desktop\Proyectos\TProg\tpgr07\portable\apache-tomcat-11.0.11\webapps\host-manager] de la aplicación web
06-Nov-2025 16:00:49.726 INFORMACIÓN [main] org.apache.catalina.startup.HostConfig.deployDirectory Deployment of web application directory [C:\Users\User\Desktop\Proyectos\TProg\tpgr07\portable\apache-tomcat-11.0.11\webapps\host-manager] has finished in [44] ms
06-Nov-2025 16:00:49.727 INFORMACIÓN [main] org.apache.catalina.startup.HostConfig.deployDirectory Desplegando el directorio [C:\Users\User\Desktop\Proyectos\TProg\tpgr07\portable\apache-tomcat-11.0.11\webapps\manager] de la aplicación web
06-Nov-2025 16:00:49.773 INFORMACIÓN [main] org.apache.catalina.startup.HostConfig.deployDirectory Deployment of web application directory [C:\Users\User\Desktop\Proyectos\TProg\tpgr07\portable\apache-tomcat-11.0.11\webapps\manager] has finished in [45] ms
06-Nov-2025 16:00:49.773 INFORMACIÓN [main] org.apache.catalina.startup.HostConfig.deployDirectory Desplegando el directorio [C:\Users\User\Desktop\Proyectos\TProg\tpgr07\portable\apache-tomcat-11.0.11\webapps\ROOT] de la aplicación web
06-Nov-2025 16:00:49.799 INFORMACIÓN [main] org.apache.catalina.startup.HostConfig.deployDirectory Deployment of web application directory [C:\Users\User\Desktop\Proyectos\TProg\tpgr07\portable\apache-tomcat-11.0.11\webapps\ROOT] has finished in [26] ms
06-Nov-2025 16:00:49.810 INFORMACIÓN [main] org.apache.coyote.AbstractProtocol.start Starting ProtocolHandler ["http-nio-8080"]
06-Nov-2025 16:00:49.865 INFORMACIÓN [main] org.apache.catalina.startup.Catalina.start Server startup in [5102] milliseconds
06-Nov-2025 16:04:33.436 INFORMACIÓN [main] org.apache.catalina.startup.VersionLoggerListener.log Nombre de la versión del servidor: Apache Tomcat/11.0.11
06-Nov-2025 16:04:33.439 INFORMACIÓN [main] org.apache.catalina.startup.VersionLoggerListener.log Server built:                      Sep 1 2025 10:24:44 UTC
06-Nov-2025 16:04:33.439 INFORMACIÓN [main] org.apache.catalina.startup.VersionLoggerListener.log Número de versión de servidor:     11.0.11.0
06-Nov-2025 16:04:33.439 INFORMACIÓN [main] org.apache.catalina.startup.VersionLoggerListener.log OS Name:                           Windows 11
06-Nov-2025 16:04:33.439 INFORMACIÓN [main] org.apache.catalina.startup.VersionLoggerListener.log Versión de Systema Operativo:      10.0
06-Nov-2025 16:04:33.439 INFORMACIÓN [main] org.apache.catalina.startup.VersionLoggerListener.log Arquitectura:                      amd64
06-Nov-2025 16:04:33.440 INFORMACIÓN [main] org.apache.catalina.startup.VersionLoggerListener.log Java Home:                         C:\Program Files\Microsoft\jdk-21.0.8.9-hotspot
06-Nov-2025 16:04:33.440 INFORMACIÓN [main] org.apache.catalina.startup.VersionLoggerListener.log JVM Version:                       21.0.8+9-LTS
06-Nov-2025 16:04:33.440 INFORMACIÓN [main] org.apache.catalina.startup.VersionLoggerListener.log Vededor JVM:                       Microsoft
06-Nov-2025 16:04:33.440 INFORMACIÓN [main] org.apache.catalina.startup.VersionLoggerListener.log CATALINA_BASE:                     C:\Users\User\Desktop\Proyectos\TProg\tpgr07\portable\apache-tomcat-11.0.11
06-Nov-2025 16:04:33.440 INFORMACIÓN [main] org.apache.catalina.startup.VersionLoggerListener.log CATALINA_HOME:                     C:\Users\User\Desktop\Proyectos\TProg\tpgr07\portable\apache-tomcat-11.0.11
06-Nov-2025 16:04:33.447 INFORMACIÓN [main] org.apache.catalina.startup.VersionLoggerListener.log Command line argument:             -Djava.util.logging.config.file=C:\Users\User\Desktop\Proyectos\TProg\tpgr07\portable\apache-tomcat-11.0.11\conf\logging.properties
06-Nov-2025 16:04:33.447 INFORMACIÓN [main] org.apache.catalina.startup.VersionLoggerListener.log Command line argument:             -Djava.util.logging.manager=org.apache.juli.ClassLoaderLogManager
06-Nov-2025 16:04:33.447 INFORMACIÓN [main] org.apache.catalina.startup.VersionLoggerListener.log Command line argument:             -Djdk.tls.ephemeralDHKeySize=2048
06-Nov-2025 16:04:33.447 INFORMACIÓN [main] org.apache.catalina.startup.VersionLoggerListener.log Command line argument:             --add-opens=java.base/java.lang=ALL-UNNAMED
06-Nov-2025 16:04:33.448 INFORMACIÓN [main] org.apache.catalina.startup.VersionLoggerListener.log Command line argument:             --add-opens=java.base/java.lang.reflect=ALL-UNNAMED
06-Nov-2025 16:04:33.448 INFORMACIÓN [main] org.apache.catalina.startup.VersionLoggerListener.log Command line argument:             --add-opens=java.base/java.io=ALL-UNNAMED
06-Nov-2025 16:04:33.448 INFORMACIÓN [main] org.apache.catalina.startup.VersionLoggerListener.log Command line argument:             --add-opens=java.base/java.util=ALL-UNNAMED
06-Nov-2025 16:04:33.448 INFORMACIÓN [main] org.apache.catalina.startup.VersionLoggerListener.log Command line argument:             --add-opens=java.base/java.util.concurrent=ALL-UNNAMED
06-Nov-2025 16:04:33.448 INFORMACIÓN [main] org.apache.catalina.startup.VersionLoggerListener.log Command line argument:             --add-opens=java.rmi/sun.rmi.transport=ALL-UNNAMED
06-Nov-2025 16:04:33.448 INFORMACIÓN [main] org.apache.catalina.startup.VersionLoggerListener.log Command line argument:             --enable-native-access=ALL-UNNAMED
06-Nov-2025 16:04:33.448 INFORMACIÓN [main] org.apache.catalina.startup.VersionLoggerListener.log Command line argument:             -Dcatalina.base=C:\Users\User\Desktop\Proyectos\TProg\tpgr07\portable\apache-tomcat-11.0.11
06-Nov-2025 16:04:33.448 INFORMACIÓN [main] org.apache.catalina.startup.VersionLoggerListener.log Command line argument:             -Dcatalina.home=C:\Users\User\Desktop\Proyectos\TProg\tpgr07\portable\apache-tomcat-11.0.11
06-Nov-2025 16:04:33.449 INFORMACIÓN [main] org.apache.catalina.startup.VersionLoggerListener.log Command line argument:             -Djava.io.tmpdir=C:\Users\User\Desktop\Proyectos\TProg\tpgr07\portable\apache-tomcat-11.0.11\temp
06-Nov-2025 16:04:33.452 INFORMACIÓN [main] org.apache.catalina.core.AprLifecycleListener.lifecycleEvent La biblioteca nativa de Apache Tomcat basada en ARP que permite un rendimiento óptimo en entornos de desarrollo no ha sido hallada en java.library.path: [C:\Program Files\Microsoft\jdk-21.0.8.9-hotspot\bin;C:\WINDOWS\Sun\Java\bin;C:\WINDOWS\system32;C:\WINDOWS;C:\Program Files\Microsoft\jdk-21.0.8.9-hotspot\bin;C:\Program Files (x86)\VMware\VMware Player\bin\;C:\WINDOWS\system32;C:\WINDOWS;C:\WINDOWS\System32\Wbem;C:\WINDOWS\System32\WindowsPowerShell\v1.0\;C:\WINDOWS\System32\OpenSSH\;C:\Program Files (x86)\NVIDIA Corporation\PhysX\Common;C:\Program Files\NVIDIA Corporation\NVIDIA app\NvDLISR;C:\Program Files\Git\cmd;C:\Program Files\dotnet\;C:\Users\User\AppData\Local\Programs\Python\Python313\Scripts\;C:\Users\User\AppData\Local\Programs\Python\Python313\;C:\Users\User\AppData\Local\Microsoft\WindowsApps;C:\Users\User\AppData\Local\Programs\Microsoft VS Code\bin;;.]
06-Nov-2025 16:04:33.627 INFORMACIÓN [main] org.apache.coyote.AbstractProtocol.init Inicializando el manejador de protocolo ["http-nio-8080"]

06-Nov-2025 16:04:33.645 INFORMACIÓN [main] org.apache.catalina.startup.Catalina.load Server initialization in [326] milliseconds
06-Nov-2025 16:04:33.708 INFORMACIÓN [main] org.apache.catalina.core.StandardService.startInternal Arrancando servicio [Catalina]
06-Nov-2025 16:04:33.708 INFORMACIÓN [main] org.apache.catalina.core.StandardEngine.startInternal Starting Servlet engine: [Apache Tomcat/11.0.11]
06-Nov-2025 16:04:33.722 INFORMACIÓN [main] org.apache.catalina.startup.HostConfig.deployWAR Despliegue del archivo [C:\Users\User\Desktop\Proyectos\TProg\tpgr07\portable\apache-tomcat-11.0.11\webapps\tarea2.war] de la aplicación web
06-Nov-2025 16:04:34.942 INFORMACIÓN [main] org.apache.jasper.servlet.TldScanner.scanJars Al menos un JAR, que se ha explorado buscando TLDs, aún no contenía TLDs. Activar historial de depuración para este historiador para una completa lista de los JARs que fueron explorados y de los que nos se halló TLDs. Saltarse JARs no necesarios durante la exploración puede dar lugar a una mejora de tiempo significativa en el arranque y compilación de JSP .
06-Nov-2025 16:04:35.007 INFORMACIÓN [main] org.apache.catalina.startup.HostConfig.deployWAR Deployment of web application archive [C:\Users\User\Desktop\Proyectos\TProg\tpgr07\portable\apache-tomcat-11.0.11\webapps\tarea2.war] has finished in [1.283] ms
06-Nov-2025 16:04:35.008 INFORMACIÓN [main] org.apache.catalina.startup.HostConfig.deployWAR Despliegue del archivo [C:\Users\User\Desktop\Proyectos\TProg\tpgr07\portable\apache-tomcat-11.0.11\webapps\tarea3.war] de la aplicación web
06-Nov-2025 16:04:35.503 INFORMACIÓN [main] org.apache.jasper.servlet.TldScanner.scanJars Al menos un JAR, que se ha explorado buscando TLDs, aún no contenía TLDs. Activar historial de depuración para este historiador para una completa lista de los JARs que fueron explorados y de los que nos se halló TLDs. Saltarse JARs no necesarios durante la exploración puede dar lugar a una mejora de tiempo significativa en el arranque y compilación de JSP .
06-Nov-2025 16:04:35.520 INFORMACIÓN [main] org.apache.catalina.startup.HostConfig.deployWAR Deployment of web application archive [C:\Users\User\Desktop\Proyectos\TProg\tpgr07\portable\apache-tomcat-11.0.11\webapps\tarea3.war] has finished in [511] ms
06-Nov-2025 16:04:35.520 INFORMACIÓN [main] org.apache.catalina.startup.HostConfig.deployDirectory Desplegando el directorio [C:\Users\User\Desktop\Proyectos\TProg\tpgr07\portable\apache-tomcat-11.0.11\webapps\docs] de la aplicación web
06-Nov-2025 16:04:35.538 INFORMACIÓN [main] org.apache.catalina.startup.HostConfig.deployDirectory Deployment of web application directory [C:\Users\User\Desktop\Proyectos\TProg\tpgr07\portable\apache-tomcat-11.0.11\webapps\docs] has finished in [18] ms
06-Nov-2025 16:04:35.539 INFORMACIÓN [main] org.apache.catalina.startup.HostConfig.deployDirectory Desplegando el directorio [C:\Users\User\Desktop\Proyectos\TProg\tpgr07\portable\apache-tomcat-11.0.11\webapps\examples] de la aplicación web
06-Nov-2025 16:04:35.733 INFORMACIÓN [main] org.apache.catalina.startup.HostConfig.deployDirectory Deployment of web application directory [C:\Users\User\Desktop\Proyectos\TProg\tpgr07\portable\apache-tomcat-11.0.11\webapps\examples] has finished in [194] ms
06-Nov-2025 16:04:35.733 INFORMACIÓN [main] org.apache.catalina.startup.HostConfig.deployDirectory Desplegando el directorio [C:\Users\User\Desktop\Proyectos\TProg\tpgr07\portable\apache-tomcat-11.0.11\webapps\host-manager] de la aplicación web
06-Nov-2025 16:04:35.754 INFORMACIÓN [main] org.apache.catalina.startup.HostConfig.deployDirectory Deployment of web application directory [C:\Users\User\Desktop\Proyectos\TProg\tpgr07\portable\apache-tomcat-11.0.11\webapps\host-manager] has finished in [21] ms
06-Nov-2025 16:04:35.754 INFORMACIÓN [main] org.apache.catalina.startup.HostConfig.deployDirectory Desplegando el directorio [C:\Users\User\Desktop\Proyectos\TProg\tpgr07\portable\apache-tomcat-11.0.11\webapps\manager] de la aplicación web
06-Nov-2025 16:04:35.772 INFORMACIÓN [main] org.apache.catalina.startup.HostConfig.deployDirectory Deployment of web application directory [C:\Users\User\Desktop\Proyectos\TProg\tpgr07\portable\apache-tomcat-11.0.11\webapps\manager] has finished in [18] ms
06-Nov-2025 16:04:35.773 INFORMACIÓN [main] org.apache.catalina.startup.HostConfig.deployDirectory Desplegando el directorio [C:\Users\User\Desktop\Proyectos\TProg\tpgr07\portable\apache-tomcat-11.0.11\webapps\ROOT] de la aplicación web
06-Nov-2025 16:04:35.785 INFORMACIÓN [main] org.apache.catalina.startup.HostConfig.deployDirectory Deployment of web application directory [C:\Users\User\Desktop\Proyectos\TProg\tpgr07\portable\apache-tomcat-11.0.11\webapps\ROOT] has finished in [12] ms
06-Nov-2025 16:04:35.788 INFORMACIÓN [main] org.apache.coyote.AbstractProtocol.start Starting ProtocolHandler ["http-nio-8080"]
06-Nov-2025 16:04:35.801 INFORMACIÓN [main] org.apache.catalina.startup.Catalina.start Server startup in [2154] milliseconds
06-Nov-2025 16:17:39.513 INFORMACIÓN [main] org.apache.catalina.startup.VersionLoggerListener.log Nombre de la versión del servidor: Apache Tomcat/11.0.11
06-Nov-2025 16:17:39.516 INFORMACIÓN [main] org.apache.catalina.startup.VersionLoggerListener.log Server built:                      Sep 1 2025 10:24:44 UTC
06-Nov-2025 16:17:39.516 INFORMACIÓN [main] org.apache.catalina.startup.VersionLoggerListener.log Número de versión de servidor:     11.0.11.0
06-Nov-2025 16:17:39.516 INFORMACIÓN [main] org.apache.catalina.startup.VersionLoggerListener.log OS Name:                           Windows 11
06-Nov-2025 16:17:39.516 INFORMACIÓN [main] org.apache.catalina.startup.VersionLoggerListener.log Versión de Systema Operativo:      10.0
06-Nov-2025 16:17:39.516 INFORMACIÓN [main] org.apache.catalina.startup.VersionLoggerListener.log Arquitectura:                      amd64
06-Nov-2025 16:17:39.516 INFORMACIÓN [main] org.apache.catalina.startup.VersionLoggerListener.log Java Home:                         C:\Program Files\Microsoft\jdk-21.0.8.9-hotspot
06-Nov-2025 16:17:39.517 INFORMACIÓN [main] org.apache.catalina.startup.VersionLoggerListener.log JVM Version:                       21.0.8+9-LTS
06-Nov-2025 16:17:39.517 INFORMACIÓN [main] org.apache.catalina.startup.VersionLoggerListener.log Vededor JVM:                       Microsoft
06-Nov-2025 16:17:39.517 INFORMACIÓN [main] org.apache.catalina.startup.VersionLoggerListener.log CATALINA_BASE:                     C:\Users\User\Desktop\Proyectos\TProg\tpgr07\portable\apache-tomcat-11.0.11
06-Nov-2025 16:17:39.517 INFORMACIÓN [main] org.apache.catalina.startup.VersionLoggerListener.log CATALINA_HOME:                     C:\Users\User\Desktop\Proyectos\TProg\tpgr07\portable\apache-tomcat-11.0.11
06-Nov-2025 16:17:39.523 INFORMACIÓN [main] org.apache.catalina.startup.VersionLoggerListener.log Command line argument:             -Djava.util.logging.config.file=C:\Users\User\Desktop\Proyectos\TProg\tpgr07\portable\apache-tomcat-11.0.11\conf\logging.properties
06-Nov-2025 16:17:39.523 INFORMACIÓN [main] org.apache.catalina.startup.VersionLoggerListener.log Command line argument:             -Djava.util.logging.manager=org.apache.juli.ClassLoaderLogManager
06-Nov-2025 16:17:39.523 INFORMACIÓN [main] org.apache.catalina.startup.VersionLoggerListener.log Command line argument:             -Djdk.tls.ephemeralDHKeySize=2048
06-Nov-2025 16:17:39.523 INFORMACIÓN [main] org.apache.catalina.startup.VersionLoggerListener.log Command line argument:             --add-opens=java.base/java.lang=ALL-UNNAMED
06-Nov-2025 16:17:39.523 INFORMACIÓN [main] org.apache.catalina.startup.VersionLoggerListener.log Command line argument:             --add-opens=java.base/java.lang.reflect=ALL-UNNAMED
06-Nov-2025 16:17:39.523 INFORMACIÓN [main] org.apache.catalina.startup.VersionLoggerListener.log Command line argument:             --add-opens=java.base/java.io=ALL-UNNAMED
06-Nov-2025 16:17:39.523 INFORMACIÓN [main] org.apache.catalina.startup.VersionLoggerListener.log Command line argument:             --add-opens=java.base/java.util=ALL-UNNAMED
06-Nov-2025 16:17:39.524 INFORMACIÓN [main] org.apache.catalina.startup.VersionLoggerListener.log Command line argument:             --add-opens=java.base/java.util.concurrent=ALL-UNNAMED
06-Nov-2025 16:17:39.524 INFORMACIÓN [main] org.apache.catalina.startup.VersionLoggerListener.log Command line argument:             --add-opens=java.rmi/sun.rmi.transport=ALL-UNNAMED
06-Nov-2025 16:17:39.524 INFORMACIÓN [main] org.apache.catalina.startup.VersionLoggerListener.log Command line argument:             --enable-native-access=ALL-UNNAMED
06-Nov-2025 16:17:39.524 INFORMACIÓN [main] org.apache.catalina.startup.VersionLoggerListener.log Command line argument:             -Dcatalina.base=C:\Users\User\Desktop\Proyectos\TProg\tpgr07\portable\apache-tomcat-11.0.11
06-Nov-2025 16:17:39.524 INFORMACIÓN [main] org.apache.catalina.startup.VersionLoggerListener.log Command line argument:             -Dcatalina.home=C:\Users\User\Desktop\Proyectos\TProg\tpgr07\portable\apache-tomcat-11.0.11
06-Nov-2025 16:17:39.524 INFORMACIÓN [main] org.apache.catalina.startup.VersionLoggerListener.log Command line argument:             -Djava.io.tmpdir=C:\Users\User\Desktop\Proyectos\TProg\tpgr07\portable\apache-tomcat-11.0.11\temp
06-Nov-2025 16:17:39.527 INFORMACIÓN [main] org.apache.catalina.core.AprLifecycleListener.lifecycleEvent La biblioteca nativa de Apache Tomcat basada en ARP que permite un rendimiento óptimo en entornos de desarrollo no ha sido hallada en java.library.path: [C:\Program Files\Microsoft\jdk-21.0.8.9-hotspot\bin;C:\WINDOWS\Sun\Java\bin;C:\WINDOWS\system32;C:\WINDOWS;C:\Program Files\Microsoft\jdk-21.0.8.9-hotspot\bin;C:\Program Files (x86)\VMware\VMware Player\bin\;C:\WINDOWS\system32;C:\WINDOWS;C:\WINDOWS\System32\Wbem;C:\WINDOWS\System32\WindowsPowerShell\v1.0\;C:\WINDOWS\System32\OpenSSH\;C:\Program Files (x86)\NVIDIA Corporation\PhysX\Common;C:\Program Files\NVIDIA Corporation\NVIDIA app\NvDLISR;C:\Program Files\Git\cmd;C:\Program Files\dotnet\;C:\Users\User\AppData\Local\Programs\Python\Python313\Scripts\;C:\Users\User\AppData\Local\Programs\Python\Python313\;C:\Users\User\AppData\Local\Microsoft\WindowsApps;C:\Users\User\AppData\Local\Programs\Microsoft VS Code\bin;;.]
06-Nov-2025 16:17:39.694 INFORMACIÓN [main] org.apache.coyote.AbstractProtocol.init Inicializando el manejador de protocolo ["http-nio-8080"]

06-Nov-2025 16:17:39.713 INFORMACIÓN [main] org.apache.catalina.startup.Catalina.load Server initialization in [317] milliseconds
06-Nov-2025 16:17:39.756 INFORMACIÓN [main] org.apache.catalina.core.StandardService.startInternal Arrancando servicio [Catalina]
06-Nov-2025 16:17:39.756 INFORMACIÓN [main] org.apache.catalina.core.StandardEngine.startInternal Starting Servlet engine: [Apache Tomcat/11.0.11]
06-Nov-2025 16:17:39.770 INFORMACIÓN [main] org.apache.catalina.startup.HostConfig.deployWAR Despliegue del archivo [C:\Users\User\Desktop\Proyectos\TProg\tpgr07\portable\apache-tomcat-11.0.11\webapps\tarea2.war] de la aplicación web
06-Nov-2025 16:17:40.935 INFORMACIÓN [main] org.apache.jasper.servlet.TldScanner.scanJars Al menos un JAR, que se ha explorado buscando TLDs, aún no contenía TLDs. Activar historial de depuración para este historiador para una completa lista de los JARs que fueron explorados y de los que nos se halló TLDs. Saltarse JARs no necesarios durante la exploración puede dar lugar a una mejora de tiempo significativa en el arranque y compilación de JSP .
06-Nov-2025 16:17:40.988 INFORMACIÓN [main] org.apache.catalina.startup.HostConfig.deployWAR Deployment of web application archive [C:\Users\User\Desktop\Proyectos\TProg\tpgr07\portable\apache-tomcat-11.0.11\webapps\tarea2.war] has finished in [1.216] ms
06-Nov-2025 16:17:40.989 INFORMACIÓN [main] org.apache.catalina.startup.HostConfig.deployWAR Despliegue del archivo [C:\Users\User\Desktop\Proyectos\TProg\tpgr07\portable\apache-tomcat-11.0.11\webapps\tarea3.war] de la aplicación web
06-Nov-2025 16:17:41.509 INFORMACIÓN [main] org.apache.jasper.servlet.TldScanner.scanJars Al menos un JAR, que se ha explorado buscando TLDs, aún no contenía TLDs. Activar historial de depuración para este historiador para una completa lista de los JARs que fueron explorados y de los que nos se halló TLDs. Saltarse JARs no necesarios durante la exploración puede dar lugar a una mejora de tiempo significativa en el arranque y compilación de JSP .
06-Nov-2025 16:17:41.523 INFORMACIÓN [main] org.apache.catalina.startup.HostConfig.deployWAR Deployment of web application archive [C:\Users\User\Desktop\Proyectos\TProg\tpgr07\portable\apache-tomcat-11.0.11\webapps\tarea3.war] has finished in [534] ms
06-Nov-2025 16:17:41.524 INFORMACIÓN [main] org.apache.catalina.startup.HostConfig.deployDirectory Desplegando el directorio [C:\Users\User\Desktop\Proyectos\TProg\tpgr07\portable\apache-tomcat-11.0.11\webapps\docs] de la aplicación web
06-Nov-2025 16:17:41.541 INFORMACIÓN [main] org.apache.catalina.startup.HostConfig.deployDirectory Deployment of web application directory [C:\Users\User\Desktop\Proyectos\TProg\tpgr07\portable\apache-tomcat-11.0.11\webapps\docs] has finished in [17] ms
06-Nov-2025 16:17:41.542 INFORMACIÓN [main] org.apache.catalina.startup.HostConfig.deployDirectory Desplegando el directorio [C:\Users\User\Desktop\Proyectos\TProg\tpgr07\portable\apache-tomcat-11.0.11\webapps\examples] de la aplicación web
06-Nov-2025 16:17:41.726 INFORMACIÓN [main] org.apache.catalina.startup.HostConfig.deployDirectory Deployment of web application directory [C:\Users\User\Desktop\Proyectos\TProg\tpgr07\portable\apache-tomcat-11.0.11\webapps\examples] has finished in [184] ms
06-Nov-2025 16:17:41.726 INFORMACIÓN [main] org.apache.catalina.startup.HostConfig.deployDirectory Desplegando el directorio [C:\Users\User\Desktop\Proyectos\TProg\tpgr07\portable\apache-tomcat-11.0.11\webapps\host-manager] de la aplicación web
06-Nov-2025 16:17:41.746 INFORMACIÓN [main] org.apache.catalina.startup.HostConfig.deployDirectory Deployment of web application directory [C:\Users\User\Desktop\Proyectos\TProg\tpgr07\portable\apache-tomcat-11.0.11\webapps\host-manager] has finished in [20] ms
06-Nov-2025 16:17:41.747 INFORMACIÓN [main] org.apache.catalina.startup.HostConfig.deployDirectory Desplegando el directorio [C:\Users\User\Desktop\Proyectos\TProg\tpgr07\portable\apache-tomcat-11.0.11\webapps\manager] de la aplicación web
06-Nov-2025 16:17:41.764 INFORMACIÓN [main] org.apache.catalina.startup.HostConfig.deployDirectory Deployment of web application directory [C:\Users\User\Desktop\Proyectos\TProg\tpgr07\portable\apache-tomcat-11.0.11\webapps\manager] has finished in [17] ms
06-Nov-2025 16:17:41.765 INFORMACIÓN [main] org.apache.catalina.startup.HostConfig.deployDirectory Desplegando el directorio [C:\Users\User\Desktop\Proyectos\TProg\tpgr07\portable\apache-tomcat-11.0.11\webapps\ROOT] de la aplicación web
06-Nov-2025 16:17:41.778 INFORMACIÓN [main] org.apache.catalina.startup.HostConfig.deployDirectory Deployment of web application directory [C:\Users\User\Desktop\Proyectos\TProg\tpgr07\portable\apache-tomcat-11.0.11\webapps\ROOT] has finished in [13] ms
06-Nov-2025 16:17:41.781 INFORMACIÓN [main] org.apache.coyote.AbstractProtocol.start Starting ProtocolHandler ["http-nio-8080"]
06-Nov-2025 16:17:41.794 INFORMACIÓN [main] org.apache.catalina.startup.Catalina.start Server startup in [2079] milliseconds
06-Nov-2025 16:19:36.791 INFORMACIÓN [main] org.apache.catalina.startup.VersionLoggerListener.log Nombre de la versión del servidor: Apache Tomcat/11.0.11
06-Nov-2025 16:19:36.795 INFORMACIÓN [main] org.apache.catalina.startup.VersionLoggerListener.log Server built:                      Sep 1 2025 10:24:44 UTC
06-Nov-2025 16:19:36.795 INFORMACIÓN [main] org.apache.catalina.startup.VersionLoggerListener.log Número de versión de servidor:     11.0.11.0
06-Nov-2025 16:19:36.795 INFORMACIÓN [main] org.apache.catalina.startup.VersionLoggerListener.log OS Name:                           Windows 11
06-Nov-2025 16:19:36.796 INFORMACIÓN [main] org.apache.catalina.startup.VersionLoggerListener.log Versión de Systema Operativo:      10.0
06-Nov-2025 16:19:36.796 INFORMACIÓN [main] org.apache.catalina.startup.VersionLoggerListener.log Arquitectura:                      amd64
06-Nov-2025 16:19:36.796 INFORMACIÓN [main] org.apache.catalina.startup.VersionLoggerListener.log Java Home:                         C:\Program Files\Microsoft\jdk-21.0.8.9-hotspot
06-Nov-2025 16:19:36.796 INFORMACIÓN [main] org.apache.catalina.startup.VersionLoggerListener.log JVM Version:                       21.0.8+9-LTS
06-Nov-2025 16:19:36.796 INFORMACIÓN [main] org.apache.catalina.startup.VersionLoggerListener.log Vededor JVM:                       Microsoft
06-Nov-2025 16:19:36.796 INFORMACIÓN [main] org.apache.catalina.startup.VersionLoggerListener.log CATALINA_BASE:                     C:\Users\User\Desktop\Proyectos\TProg\tpgr07\portable\apache-tomcat-11.0.11
06-Nov-2025 16:19:36.797 INFORMACIÓN [main] org.apache.catalina.startup.VersionLoggerListener.log CATALINA_HOME:                     C:\Users\User\Desktop\Proyectos\TProg\tpgr07\portable\apache-tomcat-11.0.11
06-Nov-2025 16:19:36.802 INFORMACIÓN [main] org.apache.catalina.startup.VersionLoggerListener.log Command line argument:             -Djava.util.logging.config.file=C:\Users\User\Desktop\Proyectos\TProg\tpgr07\portable\apache-tomcat-11.0.11\conf\logging.properties
06-Nov-2025 16:19:36.802 INFORMACIÓN [main] org.apache.catalina.startup.VersionLoggerListener.log Command line argument:             -Djava.util.logging.manager=org.apache.juli.ClassLoaderLogManager
06-Nov-2025 16:19:36.803 INFORMACIÓN [main] org.apache.catalina.startup.VersionLoggerListener.log Command line argument:             -Djdk.tls.ephemeralDHKeySize=2048
06-Nov-2025 16:19:36.803 INFORMACIÓN [main] org.apache.catalina.startup.VersionLoggerListener.log Command line argument:             --add-opens=java.base/java.lang=ALL-UNNAMED
06-Nov-2025 16:19:36.803 INFORMACIÓN [main] org.apache.catalina.startup.VersionLoggerListener.log Command line argument:             --add-opens=java.base/java.lang.reflect=ALL-UNNAMED
06-Nov-2025 16:19:36.803 INFORMACIÓN [main] org.apache.catalina.startup.VersionLoggerListener.log Command line argument:             --add-opens=java.base/java.io=ALL-UNNAMED
06-Nov-2025 16:19:36.803 INFORMACIÓN [main] org.apache.catalina.startup.VersionLoggerListener.log Command line argument:             --add-opens=java.base/java.util=ALL-UNNAMED
06-Nov-2025 16:19:36.803 INFORMACIÓN [main] org.apache.catalina.startup.VersionLoggerListener.log Command line argument:             --add-opens=java.base/java.util.concurrent=ALL-UNNAMED
06-Nov-2025 16:19:36.804 INFORMACIÓN [main] org.apache.catalina.startup.VersionLoggerListener.log Command line argument:             --add-opens=java.rmi/sun.rmi.transport=ALL-UNNAMED
06-Nov-2025 16:19:36.804 INFORMACIÓN [main] org.apache.catalina.startup.VersionLoggerListener.log Command line argument:             --enable-native-access=ALL-UNNAMED
06-Nov-2025 16:19:36.804 INFORMACIÓN [main] org.apache.catalina.startup.VersionLoggerListener.log Command line argument:             -Dcatalina.base=C:\Users\User\Desktop\Proyectos\TProg\tpgr07\portable\apache-tomcat-11.0.11
06-Nov-2025 16:19:36.804 INFORMACIÓN [main] org.apache.catalina.startup.VersionLoggerListener.log Command line argument:             -Dcatalina.home=C:\Users\User\Desktop\Proyectos\TProg\tpgr07\portable\apache-tomcat-11.0.11
06-Nov-2025 16:19:36.804 INFORMACIÓN [main] org.apache.catalina.startup.VersionLoggerListener.log Command line argument:             -Djava.io.tmpdir=C:\Users\User\Desktop\Proyectos\TProg\tpgr07\portable\apache-tomcat-11.0.11\temp
06-Nov-2025 16:19:36.807 INFORMACIÓN [main] org.apache.catalina.core.AprLifecycleListener.lifecycleEvent La biblioteca nativa de Apache Tomcat basada en ARP que permite un rendimiento óptimo en entornos de desarrollo no ha sido hallada en java.library.path: [C:\Program Files\Microsoft\jdk-21.0.8.9-hotspot\bin;C:\WINDOWS\Sun\Java\bin;C:\WINDOWS\system32;C:\WINDOWS;C:\Program Files\Microsoft\jdk-21.0.8.9-hotspot\bin;C:\Program Files (x86)\VMware\VMware Player\bin\;C:\WINDOWS\system32;C:\WINDOWS;C:\WINDOWS\System32\Wbem;C:\WINDOWS\System32\WindowsPowerShell\v1.0\;C:\WINDOWS\System32\OpenSSH\;C:\Program Files (x86)\NVIDIA Corporation\PhysX\Common;C:\Program Files\NVIDIA Corporation\NVIDIA app\NvDLISR;C:\Program Files\Git\cmd;C:\Program Files\dotnet\;C:\Users\User\AppData\Local\Programs\Python\Python313\Scripts\;C:\Users\User\AppData\Local\Programs\Python\Python313\;C:\Users\User\AppData\Local\Microsoft\WindowsApps;C:\Users\User\AppData\Local\Programs\Microsoft VS Code\bin;;.]
06-Nov-2025 16:19:36.974 INFORMACIÓN [main] org.apache.coyote.AbstractProtocol.init Inicializando el manejador de protocolo ["http-nio-8080"]

06-Nov-2025 16:19:36.994 INFORMACIÓN [main] org.apache.catalina.startup.Catalina.load Server initialization in [312] milliseconds
06-Nov-2025 16:19:37.046 INFORMACIÓN [main] org.apache.catalina.core.StandardService.startInternal Arrancando servicio [Catalina]
06-Nov-2025 16:19:37.047 INFORMACIÓN [main] org.apache.catalina.core.StandardEngine.startInternal Starting Servlet engine: [Apache Tomcat/11.0.11]
06-Nov-2025 16:19:37.059 INFORMACIÓN [main] org.apache.catalina.startup.HostConfig.deployWAR Despliegue del archivo [C:\Users\User\Desktop\Proyectos\TProg\tpgr07\portable\apache-tomcat-11.0.11\webapps\tarea2.war] de la aplicación web
06-Nov-2025 16:19:38.257 INFORMACIÓN [main] org.apache.jasper.servlet.TldScanner.scanJars Al menos un JAR, que se ha explorado buscando TLDs, aún no contenía TLDs. Activar historial de depuración para este historiador para una completa lista de los JARs que fueron explorados y de los que nos se halló TLDs. Saltarse JARs no necesarios durante la exploración puede dar lugar a una mejora de tiempo significativa en el arranque y compilación de JSP .
06-Nov-2025 16:19:38.318 INFORMACIÓN [main] org.apache.catalina.startup.HostConfig.deployWAR Deployment of web application archive [C:\Users\User\Desktop\Proyectos\TProg\tpgr07\portable\apache-tomcat-11.0.11\webapps\tarea2.war] has finished in [1.258] ms
06-Nov-2025 16:19:38.320 INFORMACIÓN [main] org.apache.catalina.startup.HostConfig.deployWAR Despliegue del archivo [C:\Users\User\Desktop\Proyectos\TProg\tpgr07\portable\apache-tomcat-11.0.11\webapps\tarea3.war] de la aplicación web
06-Nov-2025 16:19:38.837 INFORMACIÓN [main] org.apache.jasper.servlet.TldScanner.scanJars Al menos un JAR, que se ha explorado buscando TLDs, aún no contenía TLDs. Activar historial de depuración para este historiador para una completa lista de los JARs que fueron explorados y de los que nos se halló TLDs. Saltarse JARs no necesarios durante la exploración puede dar lugar a una mejora de tiempo significativa en el arranque y compilación de JSP .
06-Nov-2025 16:19:38.854 INFORMACIÓN [main] org.apache.catalina.startup.HostConfig.deployWAR Deployment of web application archive [C:\Users\User\Desktop\Proyectos\TProg\tpgr07\portable\apache-tomcat-11.0.11\webapps\tarea3.war] has finished in [535] ms
06-Nov-2025 16:19:38.854 INFORMACIÓN [main] org.apache.catalina.startup.HostConfig.deployDirectory Desplegando el directorio [C:\Users\User\Desktop\Proyectos\TProg\tpgr07\portable\apache-tomcat-11.0.11\webapps\docs] de la aplicación web
06-Nov-2025 16:19:38.872 INFORMACIÓN [main] org.apache.catalina.startup.HostConfig.deployDirectory Deployment of web application directory [C:\Users\User\Desktop\Proyectos\TProg\tpgr07\portable\apache-tomcat-11.0.11\webapps\docs] has finished in [18] ms
06-Nov-2025 16:19:38.873 INFORMACIÓN [main] org.apache.catalina.startup.HostConfig.deployDirectory Desplegando el directorio [C:\Users\User\Desktop\Proyectos\TProg\tpgr07\portable\apache-tomcat-11.0.11\webapps\examples] de la aplicación web
06-Nov-2025 16:19:39.059 INFORMACIÓN [main] org.apache.catalina.startup.HostConfig.deployDirectory Deployment of web application directory [C:\Users\User\Desktop\Proyectos\TProg\tpgr07\portable\apache-tomcat-11.0.11\webapps\examples] has finished in [186] ms
06-Nov-2025 16:19:39.059 INFORMACIÓN [main] org.apache.catalina.startup.HostConfig.deployDirectory Desplegando el directorio [C:\Users\User\Desktop\Proyectos\TProg\tpgr07\portable\apache-tomcat-11.0.11\webapps\host-manager] de la aplicación web
06-Nov-2025 16:19:39.080 INFORMACIÓN [main] org.apache.catalina.startup.HostConfig.deployDirectory Deployment of web application directory [C:\Users\User\Desktop\Proyectos\TProg\tpgr07\portable\apache-tomcat-11.0.11\webapps\host-manager] has finished in [21] ms
06-Nov-2025 16:19:39.080 INFORMACIÓN [main] org.apache.catalina.startup.HostConfig.deployDirectory Desplegando el directorio [C:\Users\User\Desktop\Proyectos\TProg\tpgr07\portable\apache-tomcat-11.0.11\webapps\manager] de la aplicación web
06-Nov-2025 16:19:39.098 INFORMACIÓN [main] org.apache.catalina.startup.HostConfig.deployDirectory Deployment of web application directory [C:\Users\User\Desktop\Proyectos\TProg\tpgr07\portable\apache-tomcat-11.0.11\webapps\manager] has finished in [18] ms
06-Nov-2025 16:19:39.098 INFORMACIÓN [main] org.apache.catalina.startup.HostConfig.deployDirectory Desplegando el directorio [C:\Users\User\Desktop\Proyectos\TProg\tpgr07\portable\apache-tomcat-11.0.11\webapps\ROOT] de la aplicación web
06-Nov-2025 16:19:39.113 INFORMACIÓN [main] org.apache.catalina.startup.HostConfig.deployDirectory Deployment of web application directory [C:\Users\User\Desktop\Proyectos\TProg\tpgr07\portable\apache-tomcat-11.0.11\webapps\ROOT] has finished in [15] ms
06-Nov-2025 16:19:39.115 INFORMACIÓN [main] org.apache.coyote.AbstractProtocol.start Starting ProtocolHandler ["http-nio-8080"]
06-Nov-2025 16:19:39.129 INFORMACIÓN [main] org.apache.catalina.startup.Catalina.start Server startup in [2134] milliseconds
06-Nov-2025 16:23:58.114 INFORMACIÓN [main] org.apache.catalina.startup.VersionLoggerListener.log Nombre de la versión del servidor: Apache Tomcat/11.0.11
06-Nov-2025 16:23:58.117 INFORMACIÓN [main] org.apache.catalina.startup.VersionLoggerListener.log Server built:                      Sep 1 2025 10:24:44 UTC
06-Nov-2025 16:23:58.117 INFORMACIÓN [main] org.apache.catalina.startup.VersionLoggerListener.log Número de versión de servidor:     11.0.11.0
06-Nov-2025 16:23:58.117 INFORMACIÓN [main] org.apache.catalina.startup.VersionLoggerListener.log OS Name:                           Windows 11
06-Nov-2025 16:23:58.117 INFORMACIÓN [main] org.apache.catalina.startup.VersionLoggerListener.log Versión de Systema Operativo:      10.0
06-Nov-2025 16:23:58.117 INFORMACIÓN [main] org.apache.catalina.startup.VersionLoggerListener.log Arquitectura:                      amd64
06-Nov-2025 16:23:58.118 INFORMACIÓN [main] org.apache.catalina.startup.VersionLoggerListener.log Java Home:                         C:\Program Files\Microsoft\jdk-21.0.8.9-hotspot
06-Nov-2025 16:23:58.119 INFORMACIÓN [main] org.apache.catalina.startup.VersionLoggerListener.log JVM Version:                       21.0.8+9-LTS
06-Nov-2025 16:23:58.119 INFORMACIÓN [main] org.apache.catalina.startup.VersionLoggerListener.log Vededor JVM:                       Microsoft
06-Nov-2025 16:23:58.119 INFORMACIÓN [main] org.apache.catalina.startup.VersionLoggerListener.log CATALINA_BASE:                     C:\Users\User\Desktop\Proyectos\TProg\tpgr07\portable\apache-tomcat-11.0.11
06-Nov-2025 16:23:58.120 INFORMACIÓN [main] org.apache.catalina.startup.VersionLoggerListener.log CATALINA_HOME:                     C:\Users\User\Desktop\Proyectos\TProg\tpgr07\portable\apache-tomcat-11.0.11
06-Nov-2025 16:23:58.126 INFORMACIÓN [main] org.apache.catalina.startup.VersionLoggerListener.log Command line argument:             -Djava.util.logging.config.file=C:\Users\User\Desktop\Proyectos\TProg\tpgr07\portable\apache-tomcat-11.0.11\conf\logging.properties
06-Nov-2025 16:23:58.126 INFORMACIÓN [main] org.apache.catalina.startup.VersionLoggerListener.log Command line argument:             -Djava.util.logging.manager=org.apache.juli.ClassLoaderLogManager
06-Nov-2025 16:23:58.126 INFORMACIÓN [main] org.apache.catalina.startup.VersionLoggerListener.log Command line argument:             -Djdk.tls.ephemeralDHKeySize=2048
06-Nov-2025 16:23:58.126 INFORMACIÓN [main] org.apache.catalina.startup.VersionLoggerListener.log Command line argument:             --add-opens=java.base/java.lang=ALL-UNNAMED
06-Nov-2025 16:23:58.126 INFORMACIÓN [main] org.apache.catalina.startup.VersionLoggerListener.log Command line argument:             --add-opens=java.base/java.lang.reflect=ALL-UNNAMED
06-Nov-2025 16:23:58.127 INFORMACIÓN [main] org.apache.catalina.startup.VersionLoggerListener.log Command line argument:             --add-opens=java.base/java.io=ALL-UNNAMED
06-Nov-2025 16:23:58.127 INFORMACIÓN [main] org.apache.catalina.startup.VersionLoggerListener.log Command line argument:             --add-opens=java.base/java.util=ALL-UNNAMED
06-Nov-2025 16:23:58.127 INFORMACIÓN [main] org.apache.catalina.startup.VersionLoggerListener.log Command line argument:             --add-opens=java.base/java.util.concurrent=ALL-UNNAMED
06-Nov-2025 16:23:58.127 INFORMACIÓN [main] org.apache.catalina.startup.VersionLoggerListener.log Command line argument:             --add-opens=java.rmi/sun.rmi.transport=ALL-UNNAMED
06-Nov-2025 16:23:58.128 INFORMACIÓN [main] org.apache.catalina.startup.VersionLoggerListener.log Command line argument:             --enable-native-access=ALL-UNNAMED
06-Nov-2025 16:23:58.128 INFORMACIÓN [main] org.apache.catalina.startup.VersionLoggerListener.log Command line argument:             -Dcatalina.base=C:\Users\User\Desktop\Proyectos\TProg\tpgr07\portable\apache-tomcat-11.0.11
06-Nov-2025 16:23:58.128 INFORMACIÓN [main] org.apache.catalina.startup.VersionLoggerListener.log Command line argument:             -Dcatalina.home=C:\Users\User\Desktop\Proyectos\TProg\tpgr07\portable\apache-tomcat-11.0.11
06-Nov-2025 16:23:58.128 INFORMACIÓN [main] org.apache.catalina.startup.VersionLoggerListener.log Command line argument:             -Djava.io.tmpdir=C:\Users\User\Desktop\Proyectos\TProg\tpgr07\portable\apache-tomcat-11.0.11\temp
06-Nov-2025 16:23:58.132 INFORMACIÓN [main] org.apache.catalina.core.AprLifecycleListener.lifecycleEvent La biblioteca nativa de Apache Tomcat basada en ARP que permite un rendimiento óptimo en entornos de desarrollo no ha sido hallada en java.library.path: [C:\Program Files\Microsoft\jdk-21.0.8.9-hotspot\bin;C:\WINDOWS\Sun\Java\bin;C:\WINDOWS\system32;C:\WINDOWS;C:\Program Files\Microsoft\jdk-21.0.8.9-hotspot\bin;C:\Program Files (x86)\VMware\VMware Player\bin\;C:\WINDOWS\system32;C:\WINDOWS;C:\WINDOWS\System32\Wbem;C:\WINDOWS\System32\WindowsPowerShell\v1.0\;C:\WINDOWS\System32\OpenSSH\;C:\Program Files (x86)\NVIDIA Corporation\PhysX\Common;C:\Program Files\NVIDIA Corporation\NVIDIA app\NvDLISR;C:\Program Files\Git\cmd;C:\Program Files\dotnet\;C:\Users\User\AppData\Local\Programs\Python\Python313\Scripts\;C:\Users\User\AppData\Local\Programs\Python\Python313\;C:\Users\User\AppData\Local\Microsoft\WindowsApps;C:\Users\User\AppData\Local\Programs\Microsoft VS Code\bin;;.]
06-Nov-2025 16:23:58.306 INFORMACIÓN [main] org.apache.coyote.AbstractProtocol.init Inicializando el manejador de protocolo ["http-nio-8080"]

06-Nov-2025 16:23:58.319 GRAVE [main] org.apache.catalina.util.LifecycleBase.handleSubClassException Fallo al iniciar el componente [Connector["http-nio-8080"]]
	org.apache.catalina.LifecycleException: Falló la inicialización del manejador de protocolo
		at org.apache.catalina.connector.Connector.initInternal(Connector.java:1078)
		at org.apache.catalina.util.LifecycleBase.init(LifecycleBase.java:122)
		at org.apache.catalina.core.StandardService.initInternal(StandardService.java:522)
		at org.apache.catalina.util.LifecycleBase.init(LifecycleBase.java:122)
		at org.apache.catalina.core.StandardServer.initInternal(StandardServer.java:953)
		at org.apache.catalina.util.LifecycleBase.init(LifecycleBase.java:122)
		at org.apache.catalina.startup.Catalina.load(Catalina.java:710)
		at org.apache.catalina.startup.Catalina.load(Catalina.java:733)
		at java.base/jdk.internal.reflect.DirectMethodHandleAccessor.invoke(DirectMethodHandleAccessor.java:103)
		at java.base/java.lang.reflect.Method.invoke(Method.java:580)
		at org.apache.catalina.startup.Bootstrap.load(Bootstrap.java:299)
		at org.apache.catalina.startup.Bootstrap.main(Bootstrap.java:472)
	Caused by: java.net.BindException: Address already in use: bind
		at java.base/sun.nio.ch.Net.bind0(Native Method)
		at java.base/sun.nio.ch.Net.bind(Net.java:565)
		at java.base/sun.nio.ch.ServerSocketChannelImpl.netBind(ServerSocketChannelImpl.java:344)
		at java.base/sun.nio.ch.ServerSocketChannelImpl.bind(ServerSocketChannelImpl.java:301)
		at org.apache.tomcat.util.net.NioEndpoint.initServerSocket(NioEndpoint.java:267)
		at org.apache.tomcat.util.net.NioEndpoint.bind(NioEndpoint.java:222)
		at org.apache.tomcat.util.net.AbstractEndpoint.bindWithCleanup(AbstractEndpoint.java:1560)
		at org.apache.tomcat.util.net.AbstractEndpoint.init(AbstractEndpoint.java:1573)
		at org.apache.coyote.AbstractProtocol.init(AbstractProtocol.java:633)
		at org.apache.coyote.http11.AbstractHttp11Protocol.init(AbstractHttp11Protocol.java:83)
		at org.apache.catalina.connector.Connector.initInternal(Connector.java:1076)
		... 11 more
06-Nov-2025 16:23:58.320 INFORMACIÓN [main] org.apache.catalina.startup.Catalina.load Server initialization in [324] milliseconds
06-Nov-2025 16:23:58.372 INFORMACIÓN [main] org.apache.catalina.core.StandardService.startInternal Arrancando servicio [Catalina]
06-Nov-2025 16:23:58.372 INFORMACIÓN [main] org.apache.catalina.core.StandardEngine.startInternal Starting Servlet engine: [Apache Tomcat/11.0.11]
06-Nov-2025 16:23:58.385 INFORMACIÓN [main] org.apache.catalina.startup.HostConfig.deployWAR Despliegue del archivo [C:\Users\User\Desktop\Proyectos\TProg\tpgr07\portable\apache-tomcat-11.0.11\webapps\tarea2.war] de la aplicación web
06-Nov-2025 16:23:59.603 INFORMACIÓN [main] org.apache.jasper.servlet.TldScanner.scanJars Al menos un JAR, que se ha explorado buscando TLDs, aún no contenía TLDs. Activar historial de depuración para este historiador para una completa lista de los JARs que fueron explorados y de los que nos se halló TLDs. Saltarse JARs no necesarios durante la exploración puede dar lugar a una mejora de tiempo significativa en el arranque y compilación de JSP .
06-Nov-2025 16:23:59.661 INFORMACIÓN [main] org.apache.catalina.startup.HostConfig.deployWAR Deployment of web application archive [C:\Users\User\Desktop\Proyectos\TProg\tpgr07\portable\apache-tomcat-11.0.11\webapps\tarea2.war] has finished in [1.275] ms
06-Nov-2025 16:23:59.662 INFORMACIÓN [main] org.apache.catalina.startup.HostConfig.deployWAR Despliegue del archivo [C:\Users\User\Desktop\Proyectos\TProg\tpgr07\portable\apache-tomcat-11.0.11\webapps\tarea3.war] de la aplicación web
06-Nov-2025 16:24:00.178 INFORMACIÓN [main] org.apache.jasper.servlet.TldScanner.scanJars Al menos un JAR, que se ha explorado buscando TLDs, aún no contenía TLDs. Activar historial de depuración para este historiador para una completa lista de los JARs que fueron explorados y de los que nos se halló TLDs. Saltarse JARs no necesarios durante la exploración puede dar lugar a una mejora de tiempo significativa en el arranque y compilación de JSP .
06-Nov-2025 16:24:00.195 INFORMACIÓN [main] org.apache.catalina.startup.HostConfig.deployWAR Deployment of web application archive [C:\Users\User\Desktop\Proyectos\TProg\tpgr07\portable\apache-tomcat-11.0.11\webapps\tarea3.war] has finished in [533] ms
06-Nov-2025 16:24:00.196 INFORMACIÓN [main] org.apache.catalina.startup.HostConfig.deployDirectory Desplegando el directorio [C:\Users\User\Desktop\Proyectos\TProg\tpgr07\portable\apache-tomcat-11.0.11\webapps\docs] de la aplicación web
06-Nov-2025 16:24:00.214 INFORMACIÓN [main] org.apache.catalina.startup.HostConfig.deployDirectory Deployment of web application directory [C:\Users\User\Desktop\Proyectos\TProg\tpgr07\portable\apache-tomcat-11.0.11\webapps\docs] has finished in [18] ms
06-Nov-2025 16:24:00.214 INFORMACIÓN [main] org.apache.catalina.startup.HostConfig.deployDirectory Desplegando el directorio [C:\Users\User\Desktop\Proyectos\TProg\tpgr07\portable\apache-tomcat-11.0.11\webapps\examples] de la aplicación web
06-Nov-2025 16:24:00.398 INFORMACIÓN [main] org.apache.catalina.startup.HostConfig.deployDirectory Deployment of web application directory [C:\Users\User\Desktop\Proyectos\TProg\tpgr07\portable\apache-tomcat-11.0.11\webapps\examples] has finished in [184] ms
06-Nov-2025 16:24:00.398 INFORMACIÓN [main] org.apache.catalina.startup.HostConfig.deployDirectory Desplegando el directorio [C:\Users\User\Desktop\Proyectos\TProg\tpgr07\portable\apache-tomcat-11.0.11\webapps\host-manager] de la aplicación web
06-Nov-2025 16:24:00.417 INFORMACIÓN [main] org.apache.catalina.startup.HostConfig.deployDirectory Deployment of web application directory [C:\Users\User\Desktop\Proyectos\TProg\tpgr07\portable\apache-tomcat-11.0.11\webapps\host-manager] has finished in [19] ms
06-Nov-2025 16:24:00.417 INFORMACIÓN [main] org.apache.catalina.startup.HostConfig.deployDirectory Desplegando el directorio [C:\Users\User\Desktop\Proyectos\TProg\tpgr07\portable\apache-tomcat-11.0.11\webapps\manager] de la aplicación web
06-Nov-2025 16:24:00.434 INFORMACIÓN [main] org.apache.catalina.startup.HostConfig.deployDirectory Deployment of web application directory [C:\Users\User\Desktop\Proyectos\TProg\tpgr07\portable\apache-tomcat-11.0.11\webapps\manager] has finished in [17] ms
06-Nov-2025 16:24:00.434 INFORMACIÓN [main] org.apache.catalina.startup.HostConfig.deployDirectory Desplegando el directorio [C:\Users\User\Desktop\Proyectos\TProg\tpgr07\portable\apache-tomcat-11.0.11\webapps\ROOT] de la aplicación web
06-Nov-2025 16:24:00.449 INFORMACIÓN [main] org.apache.catalina.startup.HostConfig.deployDirectory Deployment of web application directory [C:\Users\User\Desktop\Proyectos\TProg\tpgr07\portable\apache-tomcat-11.0.11\webapps\ROOT] has finished in [14] ms
06-Nov-2025 16:24:00.451 INFORMACIÓN [main] org.apache.catalina.startup.Catalina.start Server startup in [2129] milliseconds
06-Nov-2025 16:24:00.455 GRAVE [main] org.apache.catalina.core.StandardServer.await Failed to create server shutdown socket on address [localhost] and port [8005] (base port [8005] and offset [0])
	java.net.BindException: Address already in use: bind
		at java.base/sun.nio.ch.Net.bind0(Native Method)
		at java.base/sun.nio.ch.Net.bind(Net.java:565)
		at java.base/sun.nio.ch.Net.bind(Net.java:554)
		at java.base/sun.nio.ch.NioSocketImpl.bind(NioSocketImpl.java:636)
		at java.base/java.net.ServerSocket.bind(ServerSocket.java:391)
		at java.base/java.net.ServerSocket.<init>(ServerSocket.java:278)
		at org.apache.catalina.core.StandardServer.await(StandardServer.java:532)
		at org.apache.catalina.startup.Catalina.await(Catalina.java:849)
		at org.apache.catalina.startup.Catalina.start(Catalina.java:797)
		at java.base/jdk.internal.reflect.DirectMethodHandleAccessor.invoke(DirectMethodHandleAccessor.java:103)
		at java.base/java.lang.reflect.Method.invoke(Method.java:580)
		at org.apache.catalina.startup.Bootstrap.start(Bootstrap.java:342)
		at org.apache.catalina.startup.Bootstrap.main(Bootstrap.java:473)
06-Nov-2025 16:24:00.455 INFORMACIÓN [main] org.apache.coyote.AbstractProtocol.pause Pausing ProtocolHandler ["http-nio-8080"]
06-Nov-2025 16:24:00.456 INFORMACIÓN [main] org.apache.catalina.core.StandardService.stopInternal Parando servicio [Catalina]
06-Nov-2025 16:24:00.468 INFORMACIÓN [main] org.apache.coyote.AbstractProtocol.stop Stopping ProtocolHandler ["http-nio-8080"]
06-Nov-2025 16:24:00.469 INFORMACIÓN [main] org.apache.coyote.AbstractProtocol.destroy Destroying ProtocolHandler ["http-nio-8080"]
06-Nov-2025 16:24:12.994 INFORMACIÓN [main] org.apache.catalina.startup.VersionLoggerListener.log Nombre de la versión del servidor: Apache Tomcat/11.0.11
06-Nov-2025 16:24:12.996 INFORMACIÓN [main] org.apache.catalina.startup.VersionLoggerListener.log Server built:                      Sep 1 2025 10:24:44 UTC
06-Nov-2025 16:24:12.997 INFORMACIÓN [main] org.apache.catalina.startup.VersionLoggerListener.log Número de versión de servidor:     11.0.11.0
06-Nov-2025 16:24:12.997 INFORMACIÓN [main] org.apache.catalina.startup.VersionLoggerListener.log OS Name:                           Windows 11
06-Nov-2025 16:24:12.997 INFORMACIÓN [main] org.apache.catalina.startup.VersionLoggerListener.log Versión de Systema Operativo:      10.0
06-Nov-2025 16:24:12.997 INFORMACIÓN [main] org.apache.catalina.startup.VersionLoggerListener.log Arquitectura:                      amd64
06-Nov-2025 16:24:12.997 INFORMACIÓN [main] org.apache.catalina.startup.VersionLoggerListener.log Java Home:                         C:\Program Files\Microsoft\jdk-21.0.8.9-hotspot
06-Nov-2025 16:24:12.998 INFORMACIÓN [main] org.apache.catalina.startup.VersionLoggerListener.log JVM Version:                       21.0.8+9-LTS
06-Nov-2025 16:24:12.998 INFORMACIÓN [main] org.apache.catalina.startup.VersionLoggerListener.log Vededor JVM:                       Microsoft
06-Nov-2025 16:24:12.998 INFORMACIÓN [main] org.apache.catalina.startup.VersionLoggerListener.log CATALINA_BASE:                     C:\Users\User\Desktop\Proyectos\TProg\tpgr07\portable\apache-tomcat-11.0.11
06-Nov-2025 16:24:12.998 INFORMACIÓN [main] org.apache.catalina.startup.VersionLoggerListener.log CATALINA_HOME:                     C:\Users\User\Desktop\Proyectos\TProg\tpgr07\portable\apache-tomcat-11.0.11
06-Nov-2025 16:24:13.004 INFORMACIÓN [main] org.apache.catalina.startup.VersionLoggerListener.log Command line argument:             -Djava.util.logging.config.file=C:\Users\User\Desktop\Proyectos\TProg\tpgr07\portable\apache-tomcat-11.0.11\conf\logging.properties
06-Nov-2025 16:24:13.005 INFORMACIÓN [main] org.apache.catalina.startup.VersionLoggerListener.log Command line argument:             -Djava.util.logging.manager=org.apache.juli.ClassLoaderLogManager
06-Nov-2025 16:24:13.005 INFORMACIÓN [main] org.apache.catalina.startup.VersionLoggerListener.log Command line argument:             -Djdk.tls.ephemeralDHKeySize=2048
06-Nov-2025 16:24:13.006 INFORMACIÓN [main] org.apache.catalina.startup.VersionLoggerListener.log Command line argument:             --add-opens=java.base/java.lang=ALL-UNNAMED
06-Nov-2025 16:24:13.006 INFORMACIÓN [main] org.apache.catalina.startup.VersionLoggerListener.log Command line argument:             --add-opens=java.base/java.lang.reflect=ALL-UNNAMED
06-Nov-2025 16:24:13.006 INFORMACIÓN [main] org.apache.catalina.startup.VersionLoggerListener.log Command line argument:             --add-opens=java.base/java.io=ALL-UNNAMED
06-Nov-2025 16:24:13.006 INFORMACIÓN [main] org.apache.catalina.startup.VersionLoggerListener.log Command line argument:             --add-opens=java.base/java.util=ALL-UNNAMED
06-Nov-2025 16:24:13.006 INFORMACIÓN [main] org.apache.catalina.startup.VersionLoggerListener.log Command line argument:             --add-opens=java.base/java.util.concurrent=ALL-UNNAMED
06-Nov-2025 16:24:13.006 INFORMACIÓN [main] org.apache.catalina.startup.VersionLoggerListener.log Command line argument:             --add-opens=java.rmi/sun.rmi.transport=ALL-UNNAMED
06-Nov-2025 16:24:13.007 INFORMACIÓN [main] org.apache.catalina.startup.VersionLoggerListener.log Command line argument:             --enable-native-access=ALL-UNNAMED
06-Nov-2025 16:24:13.007 INFORMACIÓN [main] org.apache.catalina.startup.VersionLoggerListener.log Command line argument:             -Dcatalina.base=C:\Users\User\Desktop\Proyectos\TProg\tpgr07\portable\apache-tomcat-11.0.11
06-Nov-2025 16:24:13.007 INFORMACIÓN [main] org.apache.catalina.startup.VersionLoggerListener.log Command line argument:             -Dcatalina.home=C:\Users\User\Desktop\Proyectos\TProg\tpgr07\portable\apache-tomcat-11.0.11
06-Nov-2025 16:24:13.007 INFORMACIÓN [main] org.apache.catalina.startup.VersionLoggerListener.log Command line argument:             -Djava.io.tmpdir=C:\Users\User\Desktop\Proyectos\TProg\tpgr07\portable\apache-tomcat-11.0.11\temp
06-Nov-2025 16:24:13.010 INFORMACIÓN [main] org.apache.catalina.core.AprLifecycleListener.lifecycleEvent La biblioteca nativa de Apache Tomcat basada en ARP que permite un rendimiento óptimo en entornos de desarrollo no ha sido hallada en java.library.path: [C:\Program Files\Microsoft\jdk-21.0.8.9-hotspot\bin;C:\WINDOWS\Sun\Java\bin;C:\WINDOWS\system32;C:\WINDOWS;C:\Program Files\Microsoft\jdk-21.0.8.9-hotspot\bin;C:\Program Files (x86)\VMware\VMware Player\bin\;C:\WINDOWS\system32;C:\WINDOWS;C:\WINDOWS\System32\Wbem;C:\WINDOWS\System32\WindowsPowerShell\v1.0\;C:\WINDOWS\System32\OpenSSH\;C:\Program Files (x86)\NVIDIA Corporation\PhysX\Common;C:\Program Files\NVIDIA Corporation\NVIDIA app\NvDLISR;C:\Program Files\Git\cmd;C:\Program Files\dotnet\;C:\Users\User\AppData\Local\Programs\Python\Python313\Scripts\;C:\Users\User\AppData\Local\Programs\Python\Python313\;C:\Users\User\AppData\Local\Microsoft\WindowsApps;C:\Users\User\AppData\Local\Programs\Microsoft VS Code\bin;;.]
06-Nov-2025 16:24:13.194 INFORMACIÓN [main] org.apache.coyote.AbstractProtocol.init Inicializando el manejador de protocolo ["http-nio-8080"]

06-Nov-2025 16:24:13.208 GRAVE [main] org.apache.catalina.util.LifecycleBase.handleSubClassException Fallo al iniciar el componente [Connector["http-nio-8080"]]
	org.apache.catalina.LifecycleException: Falló la inicialización del manejador de protocolo
		at org.apache.catalina.connector.Connector.initInternal(Connector.java:1078)
		at org.apache.catalina.util.LifecycleBase.init(LifecycleBase.java:122)
		at org.apache.catalina.core.StandardService.initInternal(StandardService.java:522)
		at org.apache.catalina.util.LifecycleBase.init(LifecycleBase.java:122)
		at org.apache.catalina.core.StandardServer.initInternal(StandardServer.java:953)
		at org.apache.catalina.util.LifecycleBase.init(LifecycleBase.java:122)
		at org.apache.catalina.startup.Catalina.load(Catalina.java:710)
		at org.apache.catalina.startup.Catalina.load(Catalina.java:733)
		at java.base/jdk.internal.reflect.DirectMethodHandleAccessor.invoke(DirectMethodHandleAccessor.java:103)
		at java.base/java.lang.reflect.Method.invoke(Method.java:580)
		at org.apache.catalina.startup.Bootstrap.load(Bootstrap.java:299)
		at org.apache.catalina.startup.Bootstrap.main(Bootstrap.java:472)
	Caused by: java.net.BindException: Address already in use: bind
		at java.base/sun.nio.ch.Net.bind0(Native Method)
		at java.base/sun.nio.ch.Net.bind(Net.java:565)
		at java.base/sun.nio.ch.ServerSocketChannelImpl.netBind(ServerSocketChannelImpl.java:344)
		at java.base/sun.nio.ch.ServerSocketChannelImpl.bind(ServerSocketChannelImpl.java:301)
		at org.apache.tomcat.util.net.NioEndpoint.initServerSocket(NioEndpoint.java:267)
		at org.apache.tomcat.util.net.NioEndpoint.bind(NioEndpoint.java:222)
		at org.apache.tomcat.util.net.AbstractEndpoint.bindWithCleanup(AbstractEndpoint.java:1560)
		at org.apache.tomcat.util.net.AbstractEndpoint.init(AbstractEndpoint.java:1573)
		at org.apache.coyote.AbstractProtocol.init(AbstractProtocol.java:633)
		at org.apache.coyote.http11.AbstractHttp11Protocol.init(AbstractHttp11Protocol.java:83)
		at org.apache.catalina.connector.Connector.initInternal(Connector.java:1076)
		... 11 more
06-Nov-2025 16:24:13.209 INFORMACIÓN [main] org.apache.catalina.startup.Catalina.load Server initialization in [332] milliseconds
06-Nov-2025 16:24:13.263 INFORMACIÓN [main] org.apache.catalina.core.StandardService.startInternal Arrancando servicio [Catalina]
06-Nov-2025 16:24:13.264 INFORMACIÓN [main] org.apache.catalina.core.StandardEngine.startInternal Starting Servlet engine: [Apache Tomcat/11.0.11]
06-Nov-2025 16:24:13.275 INFORMACIÓN [main] org.apache.catalina.startup.HostConfig.deployWAR Despliegue del archivo [C:\Users\User\Desktop\Proyectos\TProg\tpgr07\portable\apache-tomcat-11.0.11\webapps\tarea2.war] de la aplicación web
06-Nov-2025 16:24:14.489 INFORMACIÓN [main] org.apache.jasper.servlet.TldScanner.scanJars Al menos un JAR, que se ha explorado buscando TLDs, aún no contenía TLDs. Activar historial de depuración para este historiador para una completa lista de los JARs que fueron explorados y de los que nos se halló TLDs. Saltarse JARs no necesarios durante la exploración puede dar lugar a una mejora de tiempo significativa en el arranque y compilación de JSP .
06-Nov-2025 16:24:14.539 INFORMACIÓN [main] org.apache.catalina.startup.HostConfig.deployWAR Deployment of web application archive [C:\Users\User\Desktop\Proyectos\TProg\tpgr07\portable\apache-tomcat-11.0.11\webapps\tarea2.war] has finished in [1.262] ms
06-Nov-2025 16:24:14.541 INFORMACIÓN [main] org.apache.catalina.startup.HostConfig.deployWAR Despliegue del archivo [C:\Users\User\Desktop\Proyectos\TProg\tpgr07\portable\apache-tomcat-11.0.11\webapps\tarea3.war] de la aplicación web
06-Nov-2025 16:24:15.041 INFORMACIÓN [main] org.apache.jasper.servlet.TldScanner.scanJars Al menos un JAR, que se ha explorado buscando TLDs, aún no contenía TLDs. Activar historial de depuración para este historiador para una completa lista de los JARs que fueron explorados y de los que nos se halló TLDs. Saltarse JARs no necesarios durante la exploración puede dar lugar a una mejora de tiempo significativa en el arranque y compilación de JSP .
06-Nov-2025 16:24:15.057 INFORMACIÓN [main] org.apache.catalina.startup.HostConfig.deployWAR Deployment of web application archive [C:\Users\User\Desktop\Proyectos\TProg\tpgr07\portable\apache-tomcat-11.0.11\webapps\tarea3.war] has finished in [516] ms
06-Nov-2025 16:24:15.058 INFORMACIÓN [main] org.apache.catalina.startup.HostConfig.deployDirectory Desplegando el directorio [C:\Users\User\Desktop\Proyectos\TProg\tpgr07\portable\apache-tomcat-11.0.11\webapps\docs] de la aplicación web
06-Nov-2025 16:24:15.077 INFORMACIÓN [main] org.apache.catalina.startup.HostConfig.deployDirectory Deployment of web application directory [C:\Users\User\Desktop\Proyectos\TProg\tpgr07\portable\apache-tomcat-11.0.11\webapps\docs] has finished in [19] ms
06-Nov-2025 16:24:15.078 INFORMACIÓN [main] org.apache.catalina.startup.HostConfig.deployDirectory Desplegando el directorio [C:\Users\User\Desktop\Proyectos\TProg\tpgr07\portable\apache-tomcat-11.0.11\webapps\examples] de la aplicación web
06-Nov-2025 16:24:15.264 INFORMACIÓN [main] org.apache.catalina.startup.HostConfig.deployDirectory Deployment of web application directory [C:\Users\User\Desktop\Proyectos\TProg\tpgr07\portable\apache-tomcat-11.0.11\webapps\examples] has finished in [186] ms
06-Nov-2025 16:24:15.264 INFORMACIÓN [main] org.apache.catalina.startup.HostConfig.deployDirectory Desplegando el directorio [C:\Users\User\Desktop\Proyectos\TProg\tpgr07\portable\apache-tomcat-11.0.11\webapps\host-manager] de la aplicación web
06-Nov-2025 16:24:15.285 INFORMACIÓN [main] org.apache.catalina.startup.HostConfig.deployDirectory Deployment of web application directory [C:\Users\User\Desktop\Proyectos\TProg\tpgr07\portable\apache-tomcat-11.0.11\webapps\host-manager] has finished in [20] ms
06-Nov-2025 16:24:15.285 INFORMACIÓN [main] org.apache.catalina.startup.HostConfig.deployDirectory Desplegando el directorio [C:\Users\User\Desktop\Proyectos\TProg\tpgr07\portable\apache-tomcat-11.0.11\webapps\manager] de la aplicación web
06-Nov-2025 16:24:15.303 INFORMACIÓN [main] org.apache.catalina.startup.HostConfig.deployDirectory Deployment of web application directory [C:\Users\User\Desktop\Proyectos\TProg\tpgr07\portable\apache-tomcat-11.0.11\webapps\manager] has finished in [18] ms
06-Nov-2025 16:24:15.304 INFORMACIÓN [main] org.apache.catalina.startup.HostConfig.deployDirectory Desplegando el directorio [C:\Users\User\Desktop\Proyectos\TProg\tpgr07\portable\apache-tomcat-11.0.11\webapps\ROOT] de la aplicación web
06-Nov-2025 16:24:15.317 INFORMACIÓN [main] org.apache.catalina.startup.HostConfig.deployDirectory Deployment of web application directory [C:\Users\User\Desktop\Proyectos\TProg\tpgr07\portable\apache-tomcat-11.0.11\webapps\ROOT] has finished in [13] ms
06-Nov-2025 16:24:15.320 INFORMACIÓN [main] org.apache.catalina.startup.Catalina.start Server startup in [2109] milliseconds
06-Nov-2025 16:24:15.325 GRAVE [main] org.apache.catalina.core.StandardServer.await Failed to create server shutdown socket on address [localhost] and port [8005] (base port [8005] and offset [0])
	java.net.BindException: Address already in use: bind
		at java.base/sun.nio.ch.Net.bind0(Native Method)
		at java.base/sun.nio.ch.Net.bind(Net.java:565)
		at java.base/sun.nio.ch.Net.bind(Net.java:554)
		at java.base/sun.nio.ch.NioSocketImpl.bind(NioSocketImpl.java:636)
		at java.base/java.net.ServerSocket.bind(ServerSocket.java:391)
		at java.base/java.net.ServerSocket.<init>(ServerSocket.java:278)
		at org.apache.catalina.core.StandardServer.await(StandardServer.java:532)
		at org.apache.catalina.startup.Catalina.await(Catalina.java:849)
		at org.apache.catalina.startup.Catalina.start(Catalina.java:797)
		at java.base/jdk.internal.reflect.DirectMethodHandleAccessor.invoke(DirectMethodHandleAccessor.java:103)
		at java.base/java.lang.reflect.Method.invoke(Method.java:580)
		at org.apache.catalina.startup.Bootstrap.start(Bootstrap.java:342)
		at org.apache.catalina.startup.Bootstrap.main(Bootstrap.java:473)
06-Nov-2025 16:24:15.325 INFORMACIÓN [main] org.apache.coyote.AbstractProtocol.pause Pausing ProtocolHandler ["http-nio-8080"]
06-Nov-2025 16:24:15.325 INFORMACIÓN [main] org.apache.catalina.core.StandardService.stopInternal Parando servicio [Catalina]
06-Nov-2025 16:24:15.338 INFORMACIÓN [main] org.apache.coyote.AbstractProtocol.stop Stopping ProtocolHandler ["http-nio-8080"]
06-Nov-2025 16:24:15.339 INFORMACIÓN [main] org.apache.coyote.AbstractProtocol.destroy Destroying ProtocolHandler ["http-nio-8080"]
06-Nov-2025 16:25:52.056 INFORMACIÓN [main] org.apache.catalina.startup.VersionLoggerListener.log Nombre de la versión del servidor: Apache Tomcat/11.0.11
06-Nov-2025 16:25:52.059 INFORMACIÓN [main] org.apache.catalina.startup.VersionLoggerListener.log Server built:                      Sep 1 2025 10:24:44 UTC
06-Nov-2025 16:25:52.059 INFORMACIÓN [main] org.apache.catalina.startup.VersionLoggerListener.log Número de versión de servidor:     11.0.11.0
06-Nov-2025 16:25:52.059 INFORMACIÓN [main] org.apache.catalina.startup.VersionLoggerListener.log OS Name:                           Windows 11
06-Nov-2025 16:25:52.060 INFORMACIÓN [main] org.apache.catalina.startup.VersionLoggerListener.log Versión de Systema Operativo:      10.0
06-Nov-2025 16:25:52.060 INFORMACIÓN [main] org.apache.catalina.startup.VersionLoggerListener.log Arquitectura:                      amd64
06-Nov-2025 16:25:52.060 INFORMACIÓN [main] org.apache.catalina.startup.VersionLoggerListener.log Java Home:                         C:\Program Files\Microsoft\jdk-21.0.8.9-hotspot
06-Nov-2025 16:25:52.060 INFORMACIÓN [main] org.apache.catalina.startup.VersionLoggerListener.log JVM Version:                       21.0.8+9-LTS
06-Nov-2025 16:25:52.061 INFORMACIÓN [main] org.apache.catalina.startup.VersionLoggerListener.log Vededor JVM:                       Microsoft
06-Nov-2025 16:25:52.061 INFORMACIÓN [main] org.apache.catalina.startup.VersionLoggerListener.log CATALINA_BASE:                     C:\Users\User\Desktop\Proyectos\TProg\tpgr07\portable\apache-tomcat-11.0.11
06-Nov-2025 16:25:52.061 INFORMACIÓN [main] org.apache.catalina.startup.VersionLoggerListener.log CATALINA_HOME:                     C:\Users\User\Desktop\Proyectos\TProg\tpgr07\portable\apache-tomcat-11.0.11
06-Nov-2025 16:25:52.067 INFORMACIÓN [main] org.apache.catalina.startup.VersionLoggerListener.log Command line argument:             -Djava.util.logging.config.file=C:\Users\User\Desktop\Proyectos\TProg\tpgr07\portable\apache-tomcat-11.0.11\conf\logging.properties
06-Nov-2025 16:25:52.068 INFORMACIÓN [main] org.apache.catalina.startup.VersionLoggerListener.log Command line argument:             -Djava.util.logging.manager=org.apache.juli.ClassLoaderLogManager
06-Nov-2025 16:25:52.068 INFORMACIÓN [main] org.apache.catalina.startup.VersionLoggerListener.log Command line argument:             -Djdk.tls.ephemeralDHKeySize=2048
06-Nov-2025 16:25:52.068 INFORMACIÓN [main] org.apache.catalina.startup.VersionLoggerListener.log Command line argument:             --add-opens=java.base/java.lang=ALL-UNNAMED
06-Nov-2025 16:25:52.068 INFORMACIÓN [main] org.apache.catalina.startup.VersionLoggerListener.log Command line argument:             --add-opens=java.base/java.lang.reflect=ALL-UNNAMED
06-Nov-2025 16:25:52.068 INFORMACIÓN [main] org.apache.catalina.startup.VersionLoggerListener.log Command line argument:             --add-opens=java.base/java.io=ALL-UNNAMED
06-Nov-2025 16:25:52.068 INFORMACIÓN [main] org.apache.catalina.startup.VersionLoggerListener.log Command line argument:             --add-opens=java.base/java.util=ALL-UNNAMED
06-Nov-2025 16:25:52.068 INFORMACIÓN [main] org.apache.catalina.startup.VersionLoggerListener.log Command line argument:             --add-opens=java.base/java.util.concurrent=ALL-UNNAMED
06-Nov-2025 16:25:52.069 INFORMACIÓN [main] org.apache.catalina.startup.VersionLoggerListener.log Command line argument:             --add-opens=java.rmi/sun.rmi.transport=ALL-UNNAMED
06-Nov-2025 16:25:52.069 INFORMACIÓN [main] org.apache.catalina.startup.VersionLoggerListener.log Command line argument:             --enable-native-access=ALL-UNNAMED
06-Nov-2025 16:25:52.069 INFORMACIÓN [main] org.apache.catalina.startup.VersionLoggerListener.log Command line argument:             -Dcatalina.base=C:\Users\User\Desktop\Proyectos\TProg\tpgr07\portable\apache-tomcat-11.0.11
06-Nov-2025 16:25:52.069 INFORMACIÓN [main] org.apache.catalina.startup.VersionLoggerListener.log Command line argument:             -Dcatalina.home=C:\Users\User\Desktop\Proyectos\TProg\tpgr07\portable\apache-tomcat-11.0.11
06-Nov-2025 16:25:52.069 INFORMACIÓN [main] org.apache.catalina.startup.VersionLoggerListener.log Command line argument:             -Djava.io.tmpdir=C:\Users\User\Desktop\Proyectos\TProg\tpgr07\portable\apache-tomcat-11.0.11\temp
06-Nov-2025 16:25:52.073 INFORMACIÓN [main] org.apache.catalina.core.AprLifecycleListener.lifecycleEvent La biblioteca nativa de Apache Tomcat basada en ARP que permite un rendimiento óptimo en entornos de desarrollo no ha sido hallada en java.library.path: [C:\Program Files\Microsoft\jdk-21.0.8.9-hotspot\bin;C:\WINDOWS\Sun\Java\bin;C:\WINDOWS\system32;C:\WINDOWS;C:\Program Files\Microsoft\jdk-21.0.8.9-hotspot\bin;C:\Program Files (x86)\VMware\VMware Player\bin\;C:\WINDOWS\system32;C:\WINDOWS;C:\WINDOWS\System32\Wbem;C:\WINDOWS\System32\WindowsPowerShell\v1.0\;C:\WINDOWS\System32\OpenSSH\;C:\Program Files (x86)\NVIDIA Corporation\PhysX\Common;C:\Program Files\NVIDIA Corporation\NVIDIA app\NvDLISR;C:\Program Files\Git\cmd;C:\Program Files\dotnet\;C:\Users\User\AppData\Local\Programs\Python\Python313\Scripts\;C:\Users\User\AppData\Local\Programs\Python\Python313\;C:\Users\User\AppData\Local\Microsoft\WindowsApps;C:\Users\User\AppData\Local\Programs\Microsoft VS Code\bin;;.]
06-Nov-2025 16:25:52.243 INFORMACIÓN [main] org.apache.coyote.AbstractProtocol.init Inicializando el manejador de protocolo ["http-nio-8080"]

06-Nov-2025 16:25:52.257 GRAVE [main] org.apache.catalina.util.LifecycleBase.handleSubClassException Fallo al iniciar el componente [Connector["http-nio-8080"]]
	org.apache.catalina.LifecycleException: Falló la inicialización del manejador de protocolo
		at org.apache.catalina.connector.Connector.initInternal(Connector.java:1078)
		at org.apache.catalina.util.LifecycleBase.init(LifecycleBase.java:122)
		at org.apache.catalina.core.StandardService.initInternal(StandardService.java:522)
		at org.apache.catalina.util.LifecycleBase.init(LifecycleBase.java:122)
		at org.apache.catalina.core.StandardServer.initInternal(StandardServer.java:953)
		at org.apache.catalina.util.LifecycleBase.init(LifecycleBase.java:122)
		at org.apache.catalina.startup.Catalina.load(Catalina.java:710)
		at org.apache.catalina.startup.Catalina.load(Catalina.java:733)
		at java.base/jdk.internal.reflect.DirectMethodHandleAccessor.invoke(DirectMethodHandleAccessor.java:103)
		at java.base/java.lang.reflect.Method.invoke(Method.java:580)
		at org.apache.catalina.startup.Bootstrap.load(Bootstrap.java:299)
		at org.apache.catalina.startup.Bootstrap.main(Bootstrap.java:472)
	Caused by: java.net.BindException: Address already in use: bind
		at java.base/sun.nio.ch.Net.bind0(Native Method)
		at java.base/sun.nio.ch.Net.bind(Net.java:565)
		at java.base/sun.nio.ch.ServerSocketChannelImpl.netBind(ServerSocketChannelImpl.java:344)
		at java.base/sun.nio.ch.ServerSocketChannelImpl.bind(ServerSocketChannelImpl.java:301)
		at org.apache.tomcat.util.net.NioEndpoint.initServerSocket(NioEndpoint.java:267)
		at org.apache.tomcat.util.net.NioEndpoint.bind(NioEndpoint.java:222)
		at org.apache.tomcat.util.net.AbstractEndpoint.bindWithCleanup(AbstractEndpoint.java:1560)
		at org.apache.tomcat.util.net.AbstractEndpoint.init(AbstractEndpoint.java:1573)
		at org.apache.coyote.AbstractProtocol.init(AbstractProtocol.java:633)
		at org.apache.coyote.http11.AbstractHttp11Protocol.init(AbstractHttp11Protocol.java:83)
		at org.apache.catalina.connector.Connector.initInternal(Connector.java:1076)
		... 11 more
06-Nov-2025 16:25:52.259 INFORMACIÓN [main] org.apache.catalina.startup.Catalina.load Server initialization in [322] milliseconds
06-Nov-2025 16:25:52.321 INFORMACIÓN [main] org.apache.catalina.core.StandardService.startInternal Arrancando servicio [Catalina]
06-Nov-2025 16:25:52.321 INFORMACIÓN [main] org.apache.catalina.core.StandardEngine.startInternal Starting Servlet engine: [Apache Tomcat/11.0.11]
06-Nov-2025 16:25:52.334 INFORMACIÓN [main] org.apache.catalina.startup.HostConfig.deployWAR Despliegue del archivo [C:\Users\User\Desktop\Proyectos\TProg\tpgr07\portable\apache-tomcat-11.0.11\webapps\tarea2.war] de la aplicación web
06-Nov-2025 16:25:53.540 INFORMACIÓN [main] org.apache.jasper.servlet.TldScanner.scanJars Al menos un JAR, que se ha explorado buscando TLDs, aún no contenía TLDs. Activar historial de depuración para este historiador para una completa lista de los JARs que fueron explorados y de los que nos se halló TLDs. Saltarse JARs no necesarios durante la exploración puede dar lugar a una mejora de tiempo significativa en el arranque y compilación de JSP .
06-Nov-2025 16:25:53.599 INFORMACIÓN [main] org.apache.catalina.startup.HostConfig.deployWAR Deployment of web application archive [C:\Users\User\Desktop\Proyectos\TProg\tpgr07\portable\apache-tomcat-11.0.11\webapps\tarea2.war] has finished in [1.263] ms
06-Nov-2025 16:25:53.600 INFORMACIÓN [main] org.apache.catalina.startup.HostConfig.deployWAR Despliegue del archivo [C:\Users\User\Desktop\Proyectos\TProg\tpgr07\portable\apache-tomcat-11.0.11\webapps\tarea3.war] de la aplicación web
06-Nov-2025 16:25:54.142 INFORMACIÓN [main] org.apache.jasper.servlet.TldScanner.scanJars Al menos un JAR, que se ha explorado buscando TLDs, aún no contenía TLDs. Activar historial de depuración para este historiador para una completa lista de los JARs que fueron explorados y de los que nos se halló TLDs. Saltarse JARs no necesarios durante la exploración puede dar lugar a una mejora de tiempo significativa en el arranque y compilación de JSP .
06-Nov-2025 16:25:54.160 INFORMACIÓN [main] org.apache.catalina.startup.HostConfig.deployWAR Deployment of web application archive [C:\Users\User\Desktop\Proyectos\TProg\tpgr07\portable\apache-tomcat-11.0.11\webapps\tarea3.war] has finished in [560] ms
06-Nov-2025 16:25:54.161 INFORMACIÓN [main] org.apache.catalina.startup.HostConfig.deployDirectory Desplegando el directorio [C:\Users\User\Desktop\Proyectos\TProg\tpgr07\portable\apache-tomcat-11.0.11\webapps\docs] de la aplicación web
06-Nov-2025 16:25:54.180 INFORMACIÓN [main] org.apache.catalina.startup.HostConfig.deployDirectory Deployment of web application directory [C:\Users\User\Desktop\Proyectos\TProg\tpgr07\portable\apache-tomcat-11.0.11\webapps\docs] has finished in [20] ms
06-Nov-2025 16:25:54.180 INFORMACIÓN [main] org.apache.catalina.startup.HostConfig.deployDirectory Desplegando el directorio [C:\Users\User\Desktop\Proyectos\TProg\tpgr07\portable\apache-tomcat-11.0.11\webapps\examples] de la aplicación web
06-Nov-2025 16:25:54.371 INFORMACIÓN [main] org.apache.catalina.startup.HostConfig.deployDirectory Deployment of web application directory [C:\Users\User\Desktop\Proyectos\TProg\tpgr07\portable\apache-tomcat-11.0.11\webapps\examples] has finished in [191] ms
06-Nov-2025 16:25:54.372 INFORMACIÓN [main] org.apache.catalina.startup.HostConfig.deployDirectory Desplegando el directorio [C:\Users\User\Desktop\Proyectos\TProg\tpgr07\portable\apache-tomcat-11.0.11\webapps\host-manager] de la aplicación web
06-Nov-2025 16:25:54.391 INFORMACIÓN [main] org.apache.catalina.startup.HostConfig.deployDirectory Deployment of web application directory [C:\Users\User\Desktop\Proyectos\TProg\tpgr07\portable\apache-tomcat-11.0.11\webapps\host-manager] has finished in [19] ms
06-Nov-2025 16:25:54.391 INFORMACIÓN [main] org.apache.catalina.startup.HostConfig.deployDirectory Desplegando el directorio [C:\Users\User\Desktop\Proyectos\TProg\tpgr07\portable\apache-tomcat-11.0.11\webapps\manager] de la aplicación web
06-Nov-2025 16:25:54.409 INFORMACIÓN [main] org.apache.catalina.startup.HostConfig.deployDirectory Deployment of web application directory [C:\Users\User\Desktop\Proyectos\TProg\tpgr07\portable\apache-tomcat-11.0.11\webapps\manager] has finished in [17] ms
06-Nov-2025 16:25:54.409 INFORMACIÓN [main] org.apache.catalina.startup.HostConfig.deployDirectory Desplegando el directorio [C:\Users\User\Desktop\Proyectos\TProg\tpgr07\portable\apache-tomcat-11.0.11\webapps\ROOT] de la aplicación web
06-Nov-2025 16:25:54.425 INFORMACIÓN [main] org.apache.catalina.startup.HostConfig.deployDirectory Deployment of web application directory [C:\Users\User\Desktop\Proyectos\TProg\tpgr07\portable\apache-tomcat-11.0.11\webapps\ROOT] has finished in [16] ms
06-Nov-2025 16:25:54.428 INFORMACIÓN [main] org.apache.catalina.startup.Catalina.start Server startup in [2167] milliseconds
06-Nov-2025 16:25:54.431 GRAVE [main] org.apache.catalina.core.StandardServer.await Failed to create server shutdown socket on address [localhost] and port [8005] (base port [8005] and offset [0])
	java.net.BindException: Address already in use: bind
		at java.base/sun.nio.ch.Net.bind0(Native Method)
		at java.base/sun.nio.ch.Net.bind(Net.java:565)
		at java.base/sun.nio.ch.Net.bind(Net.java:554)
		at java.base/sun.nio.ch.NioSocketImpl.bind(NioSocketImpl.java:636)
		at java.base/java.net.ServerSocket.bind(ServerSocket.java:391)
		at java.base/java.net.ServerSocket.<init>(ServerSocket.java:278)
		at org.apache.catalina.core.StandardServer.await(StandardServer.java:532)
		at org.apache.catalina.startup.Catalina.await(Catalina.java:849)
		at org.apache.catalina.startup.Catalina.start(Catalina.java:797)
		at java.base/jdk.internal.reflect.DirectMethodHandleAccessor.invoke(DirectMethodHandleAccessor.java:103)
		at java.base/java.lang.reflect.Method.invoke(Method.java:580)
		at org.apache.catalina.startup.Bootstrap.start(Bootstrap.java:342)
		at org.apache.catalina.startup.Bootstrap.main(Bootstrap.java:473)
06-Nov-2025 16:25:54.432 INFORMACIÓN [main] org.apache.coyote.AbstractProtocol.pause Pausing ProtocolHandler ["http-nio-8080"]
06-Nov-2025 16:25:54.432 INFORMACIÓN [main] org.apache.catalina.core.StandardService.stopInternal Parando servicio [Catalina]
06-Nov-2025 16:25:54.445 INFORMACIÓN [main] org.apache.coyote.AbstractProtocol.stop Stopping ProtocolHandler ["http-nio-8080"]
06-Nov-2025 16:25:54.446 INFORMACIÓN [main] org.apache.coyote.AbstractProtocol.destroy Destroying ProtocolHandler ["http-nio-8080"]
06-Nov-2025 16:26:43.304 INFORMACIÓN [main] org.apache.catalina.startup.VersionLoggerListener.log Nombre de la versión del servidor: Apache Tomcat/11.0.11
06-Nov-2025 16:26:43.307 INFORMACIÓN [main] org.apache.catalina.startup.VersionLoggerListener.log Server built:                      Sep 1 2025 10:24:44 UTC
06-Nov-2025 16:26:43.307 INFORMACIÓN [main] org.apache.catalina.startup.VersionLoggerListener.log Número de versión de servidor:     11.0.11.0
06-Nov-2025 16:26:43.307 INFORMACIÓN [main] org.apache.catalina.startup.VersionLoggerListener.log OS Name:                           Windows 11
06-Nov-2025 16:26:43.307 INFORMACIÓN [main] org.apache.catalina.startup.VersionLoggerListener.log Versión de Systema Operativo:      10.0
06-Nov-2025 16:26:43.307 INFORMACIÓN [main] org.apache.catalina.startup.VersionLoggerListener.log Arquitectura:                      amd64
06-Nov-2025 16:26:43.308 INFORMACIÓN [main] org.apache.catalina.startup.VersionLoggerListener.log Java Home:                         C:\Program Files\Microsoft\jdk-21.0.8.9-hotspot
06-Nov-2025 16:26:43.308 INFORMACIÓN [main] org.apache.catalina.startup.VersionLoggerListener.log JVM Version:                       21.0.8+9-LTS
06-Nov-2025 16:26:43.308 INFORMACIÓN [main] org.apache.catalina.startup.VersionLoggerListener.log Vededor JVM:                       Microsoft
06-Nov-2025 16:26:43.308 INFORMACIÓN [main] org.apache.catalina.startup.VersionLoggerListener.log CATALINA_BASE:                     C:\Users\User\Desktop\Proyectos\TProg\tpgr07\portable\apache-tomcat-11.0.11
06-Nov-2025 16:26:43.308 INFORMACIÓN [main] org.apache.catalina.startup.VersionLoggerListener.log CATALINA_HOME:                     C:\Users\User\Desktop\Proyectos\TProg\tpgr07\portable\apache-tomcat-11.0.11
06-Nov-2025 16:26:43.315 INFORMACIÓN [main] org.apache.catalina.startup.VersionLoggerListener.log Command line argument:             -Djava.util.logging.config.file=C:\Users\User\Desktop\Proyectos\TProg\tpgr07\portable\apache-tomcat-11.0.11\conf\logging.properties
06-Nov-2025 16:26:43.315 INFORMACIÓN [main] org.apache.catalina.startup.VersionLoggerListener.log Command line argument:             -Djava.util.logging.manager=org.apache.juli.ClassLoaderLogManager
06-Nov-2025 16:26:43.315 INFORMACIÓN [main] org.apache.catalina.startup.VersionLoggerListener.log Command line argument:             -Djdk.tls.ephemeralDHKeySize=2048
06-Nov-2025 16:26:43.315 INFORMACIÓN [main] org.apache.catalina.startup.VersionLoggerListener.log Command line argument:             --add-opens=java.base/java.lang=ALL-UNNAMED
06-Nov-2025 16:26:43.315 INFORMACIÓN [main] org.apache.catalina.startup.VersionLoggerListener.log Command line argument:             --add-opens=java.base/java.lang.reflect=ALL-UNNAMED
06-Nov-2025 16:26:43.315 INFORMACIÓN [main] org.apache.catalina.startup.VersionLoggerListener.log Command line argument:             --add-opens=java.base/java.io=ALL-UNNAMED
06-Nov-2025 16:26:43.316 INFORMACIÓN [main] org.apache.catalina.startup.VersionLoggerListener.log Command line argument:             --add-opens=java.base/java.util=ALL-UNNAMED
06-Nov-2025 16:26:43.316 INFORMACIÓN [main] org.apache.catalina.startup.VersionLoggerListener.log Command line argument:             --add-opens=java.base/java.util.concurrent=ALL-UNNAMED
06-Nov-2025 16:26:43.316 INFORMACIÓN [main] org.apache.catalina.startup.VersionLoggerListener.log Command line argument:             --add-opens=java.rmi/sun.rmi.transport=ALL-UNNAMED
06-Nov-2025 16:26:43.316 INFORMACIÓN [main] org.apache.catalina.startup.VersionLoggerListener.log Command line argument:             --enable-native-access=ALL-UNNAMED
06-Nov-2025 16:26:43.316 INFORMACIÓN [main] org.apache.catalina.startup.VersionLoggerListener.log Command line argument:             -Dcatalina.base=C:\Users\User\Desktop\Proyectos\TProg\tpgr07\portable\apache-tomcat-11.0.11
06-Nov-2025 16:26:43.316 INFORMACIÓN [main] org.apache.catalina.startup.VersionLoggerListener.log Command line argument:             -Dcatalina.home=C:\Users\User\Desktop\Proyectos\TProg\tpgr07\portable\apache-tomcat-11.0.11
06-Nov-2025 16:26:43.317 INFORMACIÓN [main] org.apache.catalina.startup.VersionLoggerListener.log Command line argument:             -Djava.io.tmpdir=C:\Users\User\Desktop\Proyectos\TProg\tpgr07\portable\apache-tomcat-11.0.11\temp
06-Nov-2025 16:26:43.319 INFORMACIÓN [main] org.apache.catalina.core.AprLifecycleListener.lifecycleEvent La biblioteca nativa de Apache Tomcat basada en ARP que permite un rendimiento óptimo en entornos de desarrollo no ha sido hallada en java.library.path: [C:\Program Files\Microsoft\jdk-21.0.8.9-hotspot\bin;C:\WINDOWS\Sun\Java\bin;C:\WINDOWS\system32;C:\WINDOWS;C:\Program Files\Microsoft\jdk-21.0.8.9-hotspot\bin;C:\Program Files (x86)\VMware\VMware Player\bin\;C:\WINDOWS\system32;C:\WINDOWS;C:\WINDOWS\System32\Wbem;C:\WINDOWS\System32\WindowsPowerShell\v1.0\;C:\WINDOWS\System32\OpenSSH\;C:\Program Files (x86)\NVIDIA Corporation\PhysX\Common;C:\Program Files\NVIDIA Corporation\NVIDIA app\NvDLISR;C:\Program Files\Git\cmd;C:\Program Files\dotnet\;C:\Users\User\AppData\Local\Programs\Python\Python313\Scripts\;C:\Users\User\AppData\Local\Programs\Python\Python313\;C:\Users\User\AppData\Local\Microsoft\WindowsApps;C:\Users\User\AppData\Local\Programs\Microsoft VS Code\bin;;.]
06-Nov-2025 16:26:43.496 INFORMACIÓN [main] org.apache.coyote.AbstractProtocol.init Inicializando el manejador de protocolo ["http-nio-8080"]

06-Nov-2025 16:26:43.509 GRAVE [main] org.apache.catalina.util.LifecycleBase.handleSubClassException Fallo al iniciar el componente [Connector["http-nio-8080"]]
	org.apache.catalina.LifecycleException: Falló la inicialización del manejador de protocolo
		at org.apache.catalina.connector.Connector.initInternal(Connector.java:1078)
		at org.apache.catalina.util.LifecycleBase.init(LifecycleBase.java:122)
		at org.apache.catalina.core.StandardService.initInternal(StandardService.java:522)
		at org.apache.catalina.util.LifecycleBase.init(LifecycleBase.java:122)
		at org.apache.catalina.core.StandardServer.initInternal(StandardServer.java:953)
		at org.apache.catalina.util.LifecycleBase.init(LifecycleBase.java:122)
		at org.apache.catalina.startup.Catalina.load(Catalina.java:710)
		at org.apache.catalina.startup.Catalina.load(Catalina.java:733)
		at java.base/jdk.internal.reflect.DirectMethodHandleAccessor.invoke(DirectMethodHandleAccessor.java:103)
		at java.base/java.lang.reflect.Method.invoke(Method.java:580)
		at org.apache.catalina.startup.Bootstrap.load(Bootstrap.java:299)
		at org.apache.catalina.startup.Bootstrap.main(Bootstrap.java:472)
	Caused by: java.net.BindException: Address already in use: bind
		at java.base/sun.nio.ch.Net.bind0(Native Method)
		at java.base/sun.nio.ch.Net.bind(Net.java:565)
		at java.base/sun.nio.ch.ServerSocketChannelImpl.netBind(ServerSocketChannelImpl.java:344)
		at java.base/sun.nio.ch.ServerSocketChannelImpl.bind(ServerSocketChannelImpl.java:301)
		at org.apache.tomcat.util.net.NioEndpoint.initServerSocket(NioEndpoint.java:267)
		at org.apache.tomcat.util.net.NioEndpoint.bind(NioEndpoint.java:222)
		at org.apache.tomcat.util.net.AbstractEndpoint.bindWithCleanup(AbstractEndpoint.java:1560)
		at org.apache.tomcat.util.net.AbstractEndpoint.init(AbstractEndpoint.java:1573)
		at org.apache.coyote.AbstractProtocol.init(AbstractProtocol.java:633)
		at org.apache.coyote.http11.AbstractHttp11Protocol.init(AbstractHttp11Protocol.java:83)
		at org.apache.catalina.connector.Connector.initInternal(Connector.java:1076)
		... 11 more
06-Nov-2025 16:26:43.510 INFORMACIÓN [main] org.apache.catalina.startup.Catalina.load Server initialization in [326] milliseconds
06-Nov-2025 16:26:43.563 INFORMACIÓN [main] org.apache.catalina.core.StandardService.startInternal Arrancando servicio [Catalina]
06-Nov-2025 16:26:43.564 INFORMACIÓN [main] org.apache.catalina.core.StandardEngine.startInternal Starting Servlet engine: [Apache Tomcat/11.0.11]
06-Nov-2025 16:26:43.577 INFORMACIÓN [main] org.apache.catalina.startup.HostConfig.deployWAR Despliegue del archivo [C:\Users\User\Desktop\Proyectos\TProg\tpgr07\portable\apache-tomcat-11.0.11\webapps\tarea2.war] de la aplicación web
06-Nov-2025 16:26:44.828 INFORMACIÓN [main] org.apache.jasper.servlet.TldScanner.scanJars Al menos un JAR, que se ha explorado buscando TLDs, aún no contenía TLDs. Activar historial de depuración para este historiador para una completa lista de los JARs que fueron explorados y de los que nos se halló TLDs. Saltarse JARs no necesarios durante la exploración puede dar lugar a una mejora de tiempo significativa en el arranque y compilación de JSP .
06-Nov-2025 16:26:44.894 INFORMACIÓN [main] org.apache.catalina.startup.HostConfig.deployWAR Deployment of web application archive [C:\Users\User\Desktop\Proyectos\TProg\tpgr07\portable\apache-tomcat-11.0.11\webapps\tarea2.war] has finished in [1.315] ms
06-Nov-2025 16:26:44.895 INFORMACIÓN [main] org.apache.catalina.startup.HostConfig.deployWAR Despliegue del archivo [C:\Users\User\Desktop\Proyectos\TProg\tpgr07\portable\apache-tomcat-11.0.11\webapps\tarea3.war] de la aplicación web
06-Nov-2025 16:26:45.419 INFORMACIÓN [main] org.apache.jasper.servlet.TldScanner.scanJars Al menos un JAR, que se ha explorado buscando TLDs, aún no contenía TLDs. Activar historial de depuración para este historiador para una completa lista de los JARs que fueron explorados y de los que nos se halló TLDs. Saltarse JARs no necesarios durante la exploración puede dar lugar a una mejora de tiempo significativa en el arranque y compilación de JSP .
06-Nov-2025 16:26:45.439 INFORMACIÓN [main] org.apache.catalina.startup.HostConfig.deployWAR Deployment of web application archive [C:\Users\User\Desktop\Proyectos\TProg\tpgr07\portable\apache-tomcat-11.0.11\webapps\tarea3.war] has finished in [544] ms
06-Nov-2025 16:26:45.440 INFORMACIÓN [main] org.apache.catalina.startup.HostConfig.deployDirectory Desplegando el directorio [C:\Users\User\Desktop\Proyectos\TProg\tpgr07\portable\apache-tomcat-11.0.11\webapps\docs] de la aplicación web
06-Nov-2025 16:26:45.462 INFORMACIÓN [main] org.apache.catalina.startup.HostConfig.deployDirectory Deployment of web application directory [C:\Users\User\Desktop\Proyectos\TProg\tpgr07\portable\apache-tomcat-11.0.11\webapps\docs] has finished in [22] ms
06-Nov-2025 16:26:45.462 INFORMACIÓN [main] org.apache.catalina.startup.HostConfig.deployDirectory Desplegando el directorio [C:\Users\User\Desktop\Proyectos\TProg\tpgr07\portable\apache-tomcat-11.0.11\webapps\examples] de la aplicación web
06-Nov-2025 16:26:45.647 INFORMACIÓN [main] org.apache.catalina.startup.HostConfig.deployDirectory Deployment of web application directory [C:\Users\User\Desktop\Proyectos\TProg\tpgr07\portable\apache-tomcat-11.0.11\webapps\examples] has finished in [184] ms
06-Nov-2025 16:26:45.647 INFORMACIÓN [main] org.apache.catalina.startup.HostConfig.deployDirectory Desplegando el directorio [C:\Users\User\Desktop\Proyectos\TProg\tpgr07\portable\apache-tomcat-11.0.11\webapps\host-manager] de la aplicación web
06-Nov-2025 16:26:45.666 INFORMACIÓN [main] org.apache.catalina.startup.HostConfig.deployDirectory Deployment of web application directory [C:\Users\User\Desktop\Proyectos\TProg\tpgr07\portable\apache-tomcat-11.0.11\webapps\host-manager] has finished in [19] ms
06-Nov-2025 16:26:45.666 INFORMACIÓN [main] org.apache.catalina.startup.HostConfig.deployDirectory Desplegando el directorio [C:\Users\User\Desktop\Proyectos\TProg\tpgr07\portable\apache-tomcat-11.0.11\webapps\manager] de la aplicación web
06-Nov-2025 16:26:45.684 INFORMACIÓN [main] org.apache.catalina.startup.HostConfig.deployDirectory Deployment of web application directory [C:\Users\User\Desktop\Proyectos\TProg\tpgr07\portable\apache-tomcat-11.0.11\webapps\manager] has finished in [18] ms
06-Nov-2025 16:26:45.685 INFORMACIÓN [main] org.apache.catalina.startup.HostConfig.deployDirectory Desplegando el directorio [C:\Users\User\Desktop\Proyectos\TProg\tpgr07\portable\apache-tomcat-11.0.11\webapps\ROOT] de la aplicación web
06-Nov-2025 16:26:45.700 INFORMACIÓN [main] org.apache.catalina.startup.HostConfig.deployDirectory Deployment of web application directory [C:\Users\User\Desktop\Proyectos\TProg\tpgr07\portable\apache-tomcat-11.0.11\webapps\ROOT] has finished in [15] ms
06-Nov-2025 16:26:45.703 INFORMACIÓN [main] org.apache.catalina.startup.Catalina.start Server startup in [2191] milliseconds
06-Nov-2025 16:26:45.706 GRAVE [main] org.apache.catalina.core.StandardServer.await Failed to create server shutdown socket on address [localhost] and port [8005] (base port [8005] and offset [0])
	java.net.BindException: Address already in use: bind
		at java.base/sun.nio.ch.Net.bind0(Native Method)
		at java.base/sun.nio.ch.Net.bind(Net.java:565)
		at java.base/sun.nio.ch.Net.bind(Net.java:554)
		at java.base/sun.nio.ch.NioSocketImpl.bind(NioSocketImpl.java:636)
		at java.base/java.net.ServerSocket.bind(ServerSocket.java:391)
		at java.base/java.net.ServerSocket.<init>(ServerSocket.java:278)
		at org.apache.catalina.core.StandardServer.await(StandardServer.java:532)
		at org.apache.catalina.startup.Catalina.await(Catalina.java:849)
		at org.apache.catalina.startup.Catalina.start(Catalina.java:797)
		at java.base/jdk.internal.reflect.DirectMethodHandleAccessor.invoke(DirectMethodHandleAccessor.java:103)
		at java.base/java.lang.reflect.Method.invoke(Method.java:580)
		at org.apache.catalina.startup.Bootstrap.start(Bootstrap.java:342)
		at org.apache.catalina.startup.Bootstrap.main(Bootstrap.java:473)
06-Nov-2025 16:26:45.706 INFORMACIÓN [main] org.apache.coyote.AbstractProtocol.pause Pausing ProtocolHandler ["http-nio-8080"]
06-Nov-2025 16:26:45.707 INFORMACIÓN [main] org.apache.catalina.core.StandardService.stopInternal Parando servicio [Catalina]
06-Nov-2025 16:26:45.720 INFORMACIÓN [main] org.apache.coyote.AbstractProtocol.stop Stopping ProtocolHandler ["http-nio-8080"]
06-Nov-2025 16:26:45.722 INFORMACIÓN [main] org.apache.coyote.AbstractProtocol.destroy Destroying ProtocolHandler ["http-nio-8080"]
06-Nov-2025 16:28:29.872 INFORMACIÓN [main] org.apache.catalina.startup.VersionLoggerListener.log Nombre de la versión del servidor: Apache Tomcat/11.0.11
06-Nov-2025 16:28:29.875 INFORMACIÓN [main] org.apache.catalina.startup.VersionLoggerListener.log Server built:                      Sep 1 2025 10:24:44 UTC
06-Nov-2025 16:28:29.875 INFORMACIÓN [main] org.apache.catalina.startup.VersionLoggerListener.log Número de versión de servidor:     11.0.11.0
06-Nov-2025 16:28:29.875 INFORMACIÓN [main] org.apache.catalina.startup.VersionLoggerListener.log OS Name:                           Windows 11
06-Nov-2025 16:28:29.875 INFORMACIÓN [main] org.apache.catalina.startup.VersionLoggerListener.log Versión de Systema Operativo:      10.0
06-Nov-2025 16:28:29.875 INFORMACIÓN [main] org.apache.catalina.startup.VersionLoggerListener.log Arquitectura:                      amd64
06-Nov-2025 16:28:29.876 INFORMACIÓN [main] org.apache.catalina.startup.VersionLoggerListener.log Java Home:                         C:\Program Files\Microsoft\jdk-21.0.8.9-hotspot
06-Nov-2025 16:28:29.876 INFORMACIÓN [main] org.apache.catalina.startup.VersionLoggerListener.log JVM Version:                       21.0.8+9-LTS
06-Nov-2025 16:28:29.876 INFORMACIÓN [main] org.apache.catalina.startup.VersionLoggerListener.log Vededor JVM:                       Microsoft
06-Nov-2025 16:28:29.876 INFORMACIÓN [main] org.apache.catalina.startup.VersionLoggerListener.log CATALINA_BASE:                     C:\Users\User\Desktop\Proyectos\TProg\tpgr07\portable\apache-tomcat-11.0.11
06-Nov-2025 16:28:29.876 INFORMACIÓN [main] org.apache.catalina.startup.VersionLoggerListener.log CATALINA_HOME:                     C:\Users\User\Desktop\Proyectos\TProg\tpgr07\portable\apache-tomcat-11.0.11
06-Nov-2025 16:28:29.882 INFORMACIÓN [main] org.apache.catalina.startup.VersionLoggerListener.log Command line argument:             -Djava.util.logging.config.file=C:\Users\User\Desktop\Proyectos\TProg\tpgr07\portable\apache-tomcat-11.0.11\conf\logging.properties
06-Nov-2025 16:28:29.882 INFORMACIÓN [main] org.apache.catalina.startup.VersionLoggerListener.log Command line argument:             -Djava.util.logging.manager=org.apache.juli.ClassLoaderLogManager
06-Nov-2025 16:28:29.882 INFORMACIÓN [main] org.apache.catalina.startup.VersionLoggerListener.log Command line argument:             -Djdk.tls.ephemeralDHKeySize=2048
06-Nov-2025 16:28:29.882 INFORMACIÓN [main] org.apache.catalina.startup.VersionLoggerListener.log Command line argument:             --add-opens=java.base/java.lang=ALL-UNNAMED
06-Nov-2025 16:28:29.883 INFORMACIÓN [main] org.apache.catalina.startup.VersionLoggerListener.log Command line argument:             --add-opens=java.base/java.lang.reflect=ALL-UNNAMED
06-Nov-2025 16:28:29.883 INFORMACIÓN [main] org.apache.catalina.startup.VersionLoggerListener.log Command line argument:             --add-opens=java.base/java.io=ALL-UNNAMED
06-Nov-2025 16:28:29.883 INFORMACIÓN [main] org.apache.catalina.startup.VersionLoggerListener.log Command line argument:             --add-opens=java.base/java.util=ALL-UNNAMED
06-Nov-2025 16:28:29.883 INFORMACIÓN [main] org.apache.catalina.startup.VersionLoggerListener.log Command line argument:             --add-opens=java.base/java.util.concurrent=ALL-UNNAMED
06-Nov-2025 16:28:29.883 INFORMACIÓN [main] org.apache.catalina.startup.VersionLoggerListener.log Command line argument:             --add-opens=java.rmi/sun.rmi.transport=ALL-UNNAMED
06-Nov-2025 16:28:29.883 INFORMACIÓN [main] org.apache.catalina.startup.VersionLoggerListener.log Command line argument:             --enable-native-access=ALL-UNNAMED
06-Nov-2025 16:28:29.883 INFORMACIÓN [main] org.apache.catalina.startup.VersionLoggerListener.log Command line argument:             -Dcatalina.base=C:\Users\User\Desktop\Proyectos\TProg\tpgr07\portable\apache-tomcat-11.0.11
06-Nov-2025 16:28:29.883 INFORMACIÓN [main] org.apache.catalina.startup.VersionLoggerListener.log Command line argument:             -Dcatalina.home=C:\Users\User\Desktop\Proyectos\TProg\tpgr07\portable\apache-tomcat-11.0.11
06-Nov-2025 16:28:29.884 INFORMACIÓN [main] org.apache.catalina.startup.VersionLoggerListener.log Command line argument:             -Djava.io.tmpdir=C:\Users\User\Desktop\Proyectos\TProg\tpgr07\portable\apache-tomcat-11.0.11\temp
06-Nov-2025 16:28:29.887 INFORMACIÓN [main] org.apache.catalina.core.AprLifecycleListener.lifecycleEvent La biblioteca nativa de Apache Tomcat basada en ARP que permite un rendimiento óptimo en entornos de desarrollo no ha sido hallada en java.library.path: [C:\Program Files\Microsoft\jdk-21.0.8.9-hotspot\bin;C:\WINDOWS\Sun\Java\bin;C:\WINDOWS\system32;C:\WINDOWS;C:\Program Files\Microsoft\jdk-21.0.8.9-hotspot\bin;C:\Program Files (x86)\VMware\VMware Player\bin\;C:\WINDOWS\system32;C:\WINDOWS;C:\WINDOWS\System32\Wbem;C:\WINDOWS\System32\WindowsPowerShell\v1.0\;C:\WINDOWS\System32\OpenSSH\;C:\Program Files (x86)\NVIDIA Corporation\PhysX\Common;C:\Program Files\NVIDIA Corporation\NVIDIA app\NvDLISR;C:\Program Files\Git\cmd;C:\Program Files\dotnet\;C:\Users\User\AppData\Local\Programs\Python\Python313\Scripts\;C:\Users\User\AppData\Local\Programs\Python\Python313\;C:\Users\User\AppData\Local\Microsoft\WindowsApps;C:\Users\User\AppData\Local\Programs\Microsoft VS Code\bin;;.]
06-Nov-2025 16:28:30.056 INFORMACIÓN [main] org.apache.coyote.AbstractProtocol.init Inicializando el manejador de protocolo ["http-nio-8080"]

06-Nov-2025 16:28:30.070 GRAVE [main] org.apache.catalina.util.LifecycleBase.handleSubClassException Fallo al iniciar el componente [Connector["http-nio-8080"]]
	org.apache.catalina.LifecycleException: Falló la inicialización del manejador de protocolo
		at org.apache.catalina.connector.Connector.initInternal(Connector.java:1078)
		at org.apache.catalina.util.LifecycleBase.init(LifecycleBase.java:122)
		at org.apache.catalina.core.StandardService.initInternal(StandardService.java:522)
		at org.apache.catalina.util.LifecycleBase.init(LifecycleBase.java:122)
		at org.apache.catalina.core.StandardServer.initInternal(StandardServer.java:953)
		at org.apache.catalina.util.LifecycleBase.init(LifecycleBase.java:122)
		at org.apache.catalina.startup.Catalina.load(Catalina.java:710)
		at org.apache.catalina.startup.Catalina.load(Catalina.java:733)
		at java.base/jdk.internal.reflect.DirectMethodHandleAccessor.invoke(DirectMethodHandleAccessor.java:103)
		at java.base/java.lang.reflect.Method.invoke(Method.java:580)
		at org.apache.catalina.startup.Bootstrap.load(Bootstrap.java:299)
		at org.apache.catalina.startup.Bootstrap.main(Bootstrap.java:472)
	Caused by: java.net.BindException: Address already in use: bind
		at java.base/sun.nio.ch.Net.bind0(Native Method)
		at java.base/sun.nio.ch.Net.bind(Net.java:565)
		at java.base/sun.nio.ch.ServerSocketChannelImpl.netBind(ServerSocketChannelImpl.java:344)
		at java.base/sun.nio.ch.ServerSocketChannelImpl.bind(ServerSocketChannelImpl.java:301)
		at org.apache.tomcat.util.net.NioEndpoint.initServerSocket(NioEndpoint.java:267)
		at org.apache.tomcat.util.net.NioEndpoint.bind(NioEndpoint.java:222)
		at org.apache.tomcat.util.net.AbstractEndpoint.bindWithCleanup(AbstractEndpoint.java:1560)
		at org.apache.tomcat.util.net.AbstractEndpoint.init(AbstractEndpoint.java:1573)
		at org.apache.coyote.AbstractProtocol.init(AbstractProtocol.java:633)
		at org.apache.coyote.http11.AbstractHttp11Protocol.init(AbstractHttp11Protocol.java:83)
		at org.apache.catalina.connector.Connector.initInternal(Connector.java:1076)
		... 11 more
06-Nov-2025 16:28:30.071 INFORMACIÓN [main] org.apache.catalina.startup.Catalina.load Server initialization in [314] milliseconds
06-Nov-2025 16:28:30.121 INFORMACIÓN [main] org.apache.catalina.core.StandardService.startInternal Arrancando servicio [Catalina]
06-Nov-2025 16:28:30.122 INFORMACIÓN [main] org.apache.catalina.core.StandardEngine.startInternal Starting Servlet engine: [Apache Tomcat/11.0.11]
06-Nov-2025 16:28:30.132 INFORMACIÓN [main] org.apache.catalina.startup.HostConfig.deployWAR Despliegue del archivo [C:\Users\User\Desktop\Proyectos\TProg\tpgr07\portable\apache-tomcat-11.0.11\webapps\tarea2.war] de la aplicación web
06-Nov-2025 16:28:31.313 INFORMACIÓN [main] org.apache.jasper.servlet.TldScanner.scanJars Al menos un JAR, que se ha explorado buscando TLDs, aún no contenía TLDs. Activar historial de depuración para este historiador para una completa lista de los JARs que fueron explorados y de los que nos se halló TLDs. Saltarse JARs no necesarios durante la exploración puede dar lugar a una mejora de tiempo significativa en el arranque y compilación de JSP .
06-Nov-2025 16:28:31.369 INFORMACIÓN [main] org.apache.catalina.startup.HostConfig.deployWAR Deployment of web application archive [C:\Users\User\Desktop\Proyectos\TProg\tpgr07\portable\apache-tomcat-11.0.11\webapps\tarea2.war] has finished in [1.235] ms
06-Nov-2025 16:28:31.370 INFORMACIÓN [main] org.apache.catalina.startup.HostConfig.deployWAR Despliegue del archivo [C:\Users\User\Desktop\Proyectos\TProg\tpgr07\portable\apache-tomcat-11.0.11\webapps\tarea3.war] de la aplicación web
06-Nov-2025 16:28:31.893 INFORMACIÓN [main] org.apache.jasper.servlet.TldScanner.scanJars Al menos un JAR, que se ha explorado buscando TLDs, aún no contenía TLDs. Activar historial de depuración para este historiador para una completa lista de los JARs que fueron explorados y de los que nos se halló TLDs. Saltarse JARs no necesarios durante la exploración puede dar lugar a una mejora de tiempo significativa en el arranque y compilación de JSP .
06-Nov-2025 16:28:31.909 INFORMACIÓN [main] org.apache.catalina.startup.HostConfig.deployWAR Deployment of web application archive [C:\Users\User\Desktop\Proyectos\TProg\tpgr07\portable\apache-tomcat-11.0.11\webapps\tarea3.war] has finished in [539] ms
06-Nov-2025 16:28:31.910 INFORMACIÓN [main] org.apache.catalina.startup.HostConfig.deployDirectory Desplegando el directorio [C:\Users\User\Desktop\Proyectos\TProg\tpgr07\portable\apache-tomcat-11.0.11\webapps\docs] de la aplicación web
06-Nov-2025 16:28:31.928 INFORMACIÓN [main] org.apache.catalina.startup.HostConfig.deployDirectory Deployment of web application directory [C:\Users\User\Desktop\Proyectos\TProg\tpgr07\portable\apache-tomcat-11.0.11\webapps\docs] has finished in [17] ms
06-Nov-2025 16:28:31.928 INFORMACIÓN [main] org.apache.catalina.startup.HostConfig.deployDirectory Desplegando el directorio [C:\Users\User\Desktop\Proyectos\TProg\tpgr07\portable\apache-tomcat-11.0.11\webapps\examples] de la aplicación web
06-Nov-2025 16:28:32.119 INFORMACIÓN [main] org.apache.catalina.startup.HostConfig.deployDirectory Deployment of web application directory [C:\Users\User\Desktop\Proyectos\TProg\tpgr07\portable\apache-tomcat-11.0.11\webapps\examples] has finished in [191] ms
06-Nov-2025 16:28:32.119 INFORMACIÓN [main] org.apache.catalina.startup.HostConfig.deployDirectory Desplegando el directorio [C:\Users\User\Desktop\Proyectos\TProg\tpgr07\portable\apache-tomcat-11.0.11\webapps\host-manager] de la aplicación web
06-Nov-2025 16:28:32.139 INFORMACIÓN [main] org.apache.catalina.startup.HostConfig.deployDirectory Deployment of web application directory [C:\Users\User\Desktop\Proyectos\TProg\tpgr07\portable\apache-tomcat-11.0.11\webapps\host-manager] has finished in [20] ms
06-Nov-2025 16:28:32.140 INFORMACIÓN [main] org.apache.catalina.startup.HostConfig.deployDirectory Desplegando el directorio [C:\Users\User\Desktop\Proyectos\TProg\tpgr07\portable\apache-tomcat-11.0.11\webapps\manager] de la aplicación web
06-Nov-2025 16:28:32.157 INFORMACIÓN [main] org.apache.catalina.startup.HostConfig.deployDirectory Deployment of web application directory [C:\Users\User\Desktop\Proyectos\TProg\tpgr07\portable\apache-tomcat-11.0.11\webapps\manager] has finished in [17] ms
06-Nov-2025 16:28:32.158 INFORMACIÓN [main] org.apache.catalina.startup.HostConfig.deployDirectory Desplegando el directorio [C:\Users\User\Desktop\Proyectos\TProg\tpgr07\portable\apache-tomcat-11.0.11\webapps\ROOT] de la aplicación web
06-Nov-2025 16:28:32.171 INFORMACIÓN [main] org.apache.catalina.startup.HostConfig.deployDirectory Deployment of web application directory [C:\Users\User\Desktop\Proyectos\TProg\tpgr07\portable\apache-tomcat-11.0.11\webapps\ROOT] has finished in [14] ms
06-Nov-2025 16:28:32.174 INFORMACIÓN [main] org.apache.catalina.startup.Catalina.start Server startup in [2102] milliseconds
06-Nov-2025 16:28:32.178 GRAVE [main] org.apache.catalina.core.StandardServer.await Failed to create server shutdown socket on address [localhost] and port [8005] (base port [8005] and offset [0])
	java.net.BindException: Address already in use: bind
		at java.base/sun.nio.ch.Net.bind0(Native Method)
		at java.base/sun.nio.ch.Net.bind(Net.java:565)
		at java.base/sun.nio.ch.Net.bind(Net.java:554)
		at java.base/sun.nio.ch.NioSocketImpl.bind(NioSocketImpl.java:636)
		at java.base/java.net.ServerSocket.bind(ServerSocket.java:391)
		at java.base/java.net.ServerSocket.<init>(ServerSocket.java:278)
		at org.apache.catalina.core.StandardServer.await(StandardServer.java:532)
		at org.apache.catalina.startup.Catalina.await(Catalina.java:849)
		at org.apache.catalina.startup.Catalina.start(Catalina.java:797)
		at java.base/jdk.internal.reflect.DirectMethodHandleAccessor.invoke(DirectMethodHandleAccessor.java:103)
		at java.base/java.lang.reflect.Method.invoke(Method.java:580)
		at org.apache.catalina.startup.Bootstrap.start(Bootstrap.java:342)
		at org.apache.catalina.startup.Bootstrap.main(Bootstrap.java:473)
06-Nov-2025 16:28:32.179 INFORMACIÓN [main] org.apache.coyote.AbstractProtocol.pause Pausing ProtocolHandler ["http-nio-8080"]
06-Nov-2025 16:28:32.179 INFORMACIÓN [main] org.apache.catalina.core.StandardService.stopInternal Parando servicio [Catalina]
06-Nov-2025 16:28:32.191 INFORMACIÓN [main] org.apache.coyote.AbstractProtocol.stop Stopping ProtocolHandler ["http-nio-8080"]
06-Nov-2025 16:28:32.192 INFORMACIÓN [main] org.apache.coyote.AbstractProtocol.destroy Destroying ProtocolHandler ["http-nio-8080"]
